<?xml version="1.0" encoding="UTF-8"?>
<!DOCTYPE plist PUBLIC "-//Apple//DTD PLIST 1.0//EN" "http://www.apple.com/DTDs/PropertyList-1.0.dtd"/>

<plist version="1.0">
    <dict>
        <key>ROOT</key>
        <array>
            <dict>
                <key>id</key>
                <string>1918</string>
            </dict>
            <dict>
                <key>id</key>
                <string>1927</string>
            </dict>
            <dict>
                <key>id</key>
                <string>1936</string>
            </dict>
            <dict>
                <key>id</key>
                <string>1945</string>
            </dict>
            <dict>
                <key>id</key>
                <string>1954</string>
            </dict>
            <dict>
                <key>id</key>
                <string>1963</string>
            </dict>
            <dict>
                <key>id</key>
                <string>1972</string>
            </dict>
            <dict>
                <key>id</key>
                <string>1981</string>
            </dict>
            <dict>
                <key>id</key>
                <string>2019</string>
            </dict>
            <dict>
                <key>id</key>
                <string>2028</string>
            </dict>
            <dict>
                <key>id</key>
                <string>2037</string>
            </dict>
            <dict>
                <key>id</key>
                <string>2062</string>
            </dict>
            <dict>
                <key>id</key>
                <string>2100</string>
            </dict>
            <dict>
                <key>id</key>
                <string>2132</string>
            </dict>
            <dict>
                <key>id</key>
                <string>2265</string>
            </dict>
            <dict>
                <key>id</key>
                <string>2303</string>
            </dict>
            <dict>
                <key>id</key>
                <string>2312</string>
            </dict>
            <dict>
                <key>id</key>
                <string>2321</string>
            </dict>
            <dict>
                <key>id</key>
                <string>2330</string>
            </dict>
            <dict>
                <key>id</key>
                <string>2352</string>
            </dict>
            <dict>
                <key>id</key>
                <string>2361</string>
            </dict>
            <dict>
                <key>id</key>
                <string>2370</string>
            </dict>
            <dict>
                <key>id</key>
                <string>2379</string>
            </dict>
            <dict>
                <key>id</key>
                <string>2388</string>
            </dict>
            <dict>
                <key>id</key>
                <string>2397</string>
            </dict>
            <dict>
                <key>id</key>
                <string>2434</string>
            </dict>
            <dict>
                <key>id</key>
                <string>2443</string>
            </dict>
            <dict>
                <key>id</key>
                <string>2452</string>
            </dict>
            <dict>
                <key>id</key>
                <string>2462</string>
            </dict>
            <dict>
                <key>id</key>
                <string>2478</string>
            </dict>
            <dict>
                <key>id</key>
                <string>2504</string>
            </dict>
            <dict>
                <key>id</key>
                <string>2513</string>
            </dict>
            <dict>
                <key>id</key>
                <string>2522</string>
            </dict>
            <dict>
                <key>id</key>
                <string>2531</string>
            </dict>
            <dict>
                <key>id</key>
                <string>2540</string>
            </dict>
            <dict>
                <key>id</key>
                <string>2555</string>
            </dict>
            <dict>
                <key>id</key>
                <string>2564</string>
            </dict>
            <dict>
                <key>id</key>
                <string>2573</string>
            </dict>
        </array>
    </dict>
</plist>
