<?xml version="1.0" encoding="UTF-8"?>
<!DOCTYPE plist PUBLIC "-//Apple//DTD PLIST 1.0//EN" "http://www.apple.com/DTDs/PropertyList-1.0.dtd"/>

<plist version="1.0">
    <dict>
        <key>ROOT</key>
        <array>
            <dict>
                <key>id</key>
                <string>2148</string>
                <key>className</key>
                <string>PTModelObjectAssetPowerup</string>
                <key>Name</key>
                <dict>
                    <key>value</key>
                    <string>coin6</string>
                </dict>
                <key>Position</key>
                <dict>
                    <key>value</key>
                    <string>{338.619,480.755}</string>
                </dict>
                <key>Scale</key>
                <dict>
                    <key>value</key>
                    <string>{0.737,0.526}</string>
                </dict>
                <key>Hidden</key>
                <dict>
                    <key>visible</key>
                    <string>0</string>
                </dict>
                <key>Locked</key>
                <dict>
                    <key>visible</key>
                    <string>0</string>
                </dict>
                <key>Asset</key>
                <dict>
                    <key>visible</key>
                    <string>0</string>
                </dict>
                <key>zDepth</key>
                <string>9</string>
            </dict>
            <dict>
                <key>id</key>
                <string>2150</string>
                <key>className</key>
                <string>PTModelObjectAssetPowerup</string>
                <key>Name</key>
                <dict>
                    <key>value</key>
                    <string>coin6</string>
                </dict>
                <key>Position</key>
                <dict>
                    <key>value</key>
                    <string>{442.994,480.755}</string>
                </dict>
                <key>Scale</key>
                <dict>
                    <key>value</key>
                    <string>{0.737,0.526}</string>
                </dict>
                <key>Hidden</key>
                <dict>
                    <key>visible</key>
                    <string>0</string>
                </dict>
                <key>Locked</key>
                <dict>
                    <key>visible</key>
                    <string>0</string>
                </dict>
                <key>Asset</key>
                <dict>
                    <key>visible</key>
                    <string>0</string>
                </dict>
                <key>zDepth</key>
                <string>10</string>
            </dict>
            <dict>
                <key>id</key>
                <string>2152</string>
                <key>className</key>
                <string>PTModelObjectAssetPowerup</string>
                <key>Name</key>
                <dict>
                    <key>value</key>
                    <string>coin6</string>
                </dict>
                <key>Position</key>
                <dict>
                    <key>value</key>
                    <string>{547.370,480.755}</string>
                </dict>
                <key>Scale</key>
                <dict>
                    <key>value</key>
                    <string>{0.737,0.526}</string>
                </dict>
                <key>Hidden</key>
                <dict>
                    <key>visible</key>
                    <string>0</string>
                </dict>
                <key>Locked</key>
                <dict>
                    <key>visible</key>
                    <string>0</string>
                </dict>
                <key>Asset</key>
                <dict>
                    <key>visible</key>
                    <string>0</string>
                </dict>
                <key>zDepth</key>
                <string>11</string>
            </dict>
            <dict>
                <key>id</key>
                <string>2154</string>
                <key>className</key>
                <string>PTModelObjectAssetPowerup</string>
                <key>Name</key>
                <dict>
                    <key>value</key>
                    <string>coin6</string>
                </dict>
                <key>Position</key>
                <dict>
                    <key>value</key>
                    <string>{547.370,558.687}</string>
                </dict>
                <key>Scale</key>
                <dict>
                    <key>value</key>
                    <string>{0.737,0.526}</string>
                </dict>
                <key>Hidden</key>
                <dict>
                    <key>visible</key>
                    <string>0</string>
                </dict>
                <key>Locked</key>
                <dict>
                    <key>visible</key>
                    <string>0</string>
                </dict>
                <key>Asset</key>
                <dict>
                    <key>visible</key>
                    <string>0</string>
                </dict>
                <key>zDepth</key>
                <string>12</string>
            </dict>
            <dict>
                <key>id</key>
                <string>2156</string>
                <key>className</key>
                <string>PTModelObjectAssetPowerup</string>
                <key>Name</key>
                <dict>
                    <key>value</key>
                    <string>coin6</string>
                </dict>
                <key>Position</key>
                <dict>
                    <key>value</key>
                    <string>{547.370,480.755}</string>
                </dict>
                <key>Scale</key>
                <dict>
                    <key>value</key>
                    <string>{0.737,0.526}</string>
                </dict>
                <key>Hidden</key>
                <dict>
                    <key>visible</key>
                    <string>0</string>
                </dict>
                <key>Locked</key>
                <dict>
                    <key>visible</key>
                    <string>0</string>
                </dict>
                <key>Asset</key>
                <dict>
                    <key>visible</key>
                    <string>0</string>
                </dict>
                <key>zDepth</key>
                <string>13</string>
            </dict>
            <dict>
                <key>id</key>
                <string>2158</string>
                <key>className</key>
                <string>PTModelObjectAssetPowerup</string>
                <key>Name</key>
                <dict>
                    <key>value</key>
                    <string>coin6</string>
                </dict>
                <key>Position</key>
                <dict>
                    <key>value</key>
                    <string>{547.370,402.823}</string>
                </dict>
                <key>Scale</key>
                <dict>
                    <key>value</key>
                    <string>{0.737,0.526}</string>
                </dict>
                <key>Hidden</key>
                <dict>
                    <key>visible</key>
                    <string>0</string>
                </dict>
                <key>Locked</key>
                <dict>
                    <key>visible</key>
                    <string>0</string>
                </dict>
                <key>Asset</key>
                <dict>
                    <key>visible</key>
                    <string>0</string>
                </dict>
                <key>zDepth</key>
                <string>14</string>
            </dict>
            <dict>
                <key>id</key>
                <string>2160</string>
                <key>className</key>
                <string>PTModelObjectAssetPowerup</string>
                <key>Name</key>
                <dict>
                    <key>value</key>
                    <string>coin6</string>
                </dict>
                <key>Position</key>
                <dict>
                    <key>value</key>
                    <string>{547.370,480.755}</string>
                </dict>
                <key>Scale</key>
                <dict>
                    <key>value</key>
                    <string>{0.737,0.526}</string>
                </dict>
                <key>Hidden</key>
                <dict>
                    <key>visible</key>
                    <string>0</string>
                </dict>
                <key>Locked</key>
                <dict>
                    <key>visible</key>
                    <string>0</string>
                </dict>
                <key>Asset</key>
                <dict>
                    <key>visible</key>
                    <string>0</string>
                </dict>
                <key>zDepth</key>
                <string>15</string>
            </dict>
            <dict>
                <key>id</key>
                <string>2162</string>
                <key>className</key>
                <string>PTModelObjectAssetPowerup</string>
                <key>Name</key>
                <dict>
                    <key>value</key>
                    <string>coin6</string>
                </dict>
                <key>Position</key>
                <dict>
                    <key>value</key>
                    <string>{651.746,480.755}</string>
                </dict>
                <key>Scale</key>
                <dict>
                    <key>value</key>
                    <string>{0.737,0.526}</string>
                </dict>
                <key>Hidden</key>
                <dict>
                    <key>visible</key>
                    <string>0</string>
                </dict>
                <key>Locked</key>
                <dict>
                    <key>visible</key>
                    <string>0</string>
                </dict>
                <key>Asset</key>
                <dict>
                    <key>visible</key>
                    <string>0</string>
                </dict>
                <key>zDepth</key>
                <string>16</string>
            </dict>
            <dict>
                <key>id</key>
                <string>2193</string>
                <key>className</key>
                <string>PTModelObjectAssetPowerup</string>
                <key>Name</key>
                <dict>
                    <key>value</key>
                    <string>image 17</string>
                </dict>
                <key>Position</key>
                <dict>
                    <key>value</key>
                    <string>{583.177,56.436}</string>
                </dict>
                <key>Scale</key>
                <dict>
                    <key>value</key>
                    <string>{3.123,0.967}</string>
                </dict>
                <key>Hidden</key>
                <dict>
                    <key>visible</key>
                    <string>0</string>
                </dict>
                <key>Locked</key>
                <dict>
                    <key>visible</key>
                    <string>0</string>
                </dict>
                <key>Asset</key>
                <dict>
                    <key>visible</key>
                    <string>0</string>
                </dict>
                <key>zDepth</key>
                <string>6</string>
            </dict>
            <dict>
                <key>id</key>
                <string>2465</string>
                <key>className</key>
                <string>PTModelObjectAssetPowerup</string>
                <key>Name</key>
                <dict>
                    <key>value</key>
                    <string>coin6</string>
                </dict>
                <key>Position</key>
                <dict>
                    <key>value</key>
                    <string>{959.093,231.139}</string>
                </dict>
                <key>Scale</key>
                <dict>
                    <key>value</key>
                    <string>{0.405,0.362}</string>
                </dict>
                <key>Hidden</key>
                <dict>
                    <key>visible</key>
                    <string>0</string>
                </dict>
                <key>Locked</key>
                <dict>
                    <key>visible</key>
                    <string>0</string>
                </dict>
                <key>Asset</key>
                <dict>
                    <key>visible</key>
                    <string>0</string>
                </dict>
                <key>zDepth</key>
                <string>11</string>
            </dict>
            <dict>
                <key>id</key>
                <string>2467</string>
                <key>className</key>
                <string>PTModelObjectAssetPowerup</string>
                <key>Name</key>
                <dict>
                    <key>value</key>
                    <string>coin6</string>
                </dict>
                <key>Position</key>
                <dict>
                    <key>value</key>
                    <string>{1016.076,231.139}</string>
                </dict>
                <key>Scale</key>
                <dict>
                    <key>value</key>
                    <string>{0.405,0.362}</string>
                </dict>
                <key>Hidden</key>
                <dict>
                    <key>visible</key>
                    <string>0</string>
                </dict>
                <key>Locked</key>
                <dict>
                    <key>visible</key>
                    <string>0</string>
                </dict>
                <key>Asset</key>
                <dict>
                    <key>visible</key>
                    <string>0</string>
                </dict>
                <key>zDepth</key>
                <string>12</string>
            </dict>
            <dict>
                <key>id</key>
                <string>2469</string>
                <key>className</key>
                <string>PTModelObjectAssetPowerup</string>
                <key>Name</key>
                <dict>
                    <key>value</key>
                    <string>coin6</string>
                </dict>
                <key>Position</key>
                <dict>
                    <key>value</key>
                    <string>{1073.060,231.139}</string>
                </dict>
                <key>Scale</key>
                <dict>
                    <key>value</key>
                    <string>{0.405,0.362}</string>
                </dict>
                <key>Hidden</key>
                <dict>
                    <key>visible</key>
                    <string>0</string>
                </dict>
                <key>Locked</key>
                <dict>
                    <key>visible</key>
                    <string>0</string>
                </dict>
                <key>Asset</key>
                <dict>
                    <key>visible</key>
                    <string>0</string>
                </dict>
                <key>zDepth</key>
                <string>13</string>
            </dict>
        </array>
    </dict>
</plist>
