<?xml version="1.0" encoding="UTF-8"?>
<!DOCTYPE plist PUBLIC "-//Apple//DTD PLIST 1.0//EN" "http://www.apple.com/DTDs/PropertyList-1.0.dtd"/>

<plist version="1.0">
    <dict>
        <key>ROOT</key>
        <array>
            <dict>
                <key>id</key>
                <string>1690</string>
                <key>className</key>
                <string>PTModelAssetObstacle</string>
                <key>Name</key>
                <dict>
                    <key>value</key>
                    <string>Tile (2)</string>
                </dict>
                <key>Collision Shape</key>
                <dict>
                    <key>id</key>
                    <string>1691</string>
                    <key>className</key>
                    <string>PTModelPolygon</string>
                    <key>Name</key>
                    <dict>
                        <key>value</key>
                        <string></string>
                    </dict>
                    <key>points</key>
                    <array>
                        <string>{-64.000000,-64.000000}</string>
                        <string>{64.000000,-64.000000}</string>
                        <string>{64.000000,64.000000}</string>
                        <string>{-64.000000,64.000000}</string>
                    </array>
                    <key>oneWayCollisionVector</key>
                    <string>{0.000000,0.000000}</string>
                    <key>shapeType</key>
                    <string>1</string>
                </dict>
            </dict>
            <dict>
                <key>id</key>
                <string>1993</string>
                <key>className</key>
                <string>PTModelAssetObstacle</string>
                <key>Name</key>
                <dict>
                    <key>value</key>
                    <string>Idle (1)</string>
                </dict>
                <key>Collision Shape</key>
                <dict>
                    <key>id</key>
                    <string>1994</string>
                    <key>className</key>
                    <string>PTModelPolygon</string>
                    <key>Name</key>
                    <dict>
                        <key>value</key>
                        <string></string>
                    </dict>
                    <key>points</key>
                    <array>
                        <string>{-142.000000,-210.000000}</string>
                        <string>{140.000000,-210.000000}</string>
                        <string>{140.000000,248.000000}</string>
                        <string>{-142.000000,248.000000}</string>
                    </array>
                    <key>oneWayCollisionVector</key>
                    <string>{0.000000,0.000000}</string>
                    <key>shapeType</key>
                    <string>1</string>
                </dict>
            </dict>
            <dict>
                <key>id</key>
                <string>2045</string>
                <key>className</key>
                <string>PTModelAssetObstacle</string>
                <key>Name</key>
                <dict>
                    <key>value</key>
                    <string>Wheel (1)</string>
                </dict>
                <key>Collision Shape</key>
                <dict>
                    <key>id</key>
                    <string>2046</string>
                    <key>className</key>
                    <string>PTModelPolygon</string>
                    <key>Name</key>
                    <dict>
                        <key>value</key>
                        <string></string>
                    </dict>
                    <key>points</key>
                    <array>
                        <string>{-93.000000,-93.000000}</string>
                        <string>{94.000000,-93.000000}</string>
                        <string>{94.000000,94.000000}</string>
                        <string>{-93.000000,94.000000}</string>
                    </array>
                    <key>oneWayCollisionVector</key>
                    <string>{0.000000,0.000000}</string>
                    <key>shapeType</key>
                    <string>1</string>
                </dict>
            </dict>
            <dict>
                <key>id</key>
                <string>2115</string>
                <key>className</key>
                <string>PTModelAssetObstacle</string>
                <key>Name</key>
                <dict>
                    <key>value</key>
                    <string>brick-1</string>
                </dict>
                <key>Collision Shape</key>
                <dict>
                    <key>id</key>
                    <string>2116</string>
                    <key>className</key>
                    <string>PTModelPolygon</string>
                    <key>Name</key>
                    <dict>
                        <key>value</key>
                        <string></string>
                    </dict>
                    <key>points</key>
                    <array>
                        <string>{-16.000000,-16.000000}</string>
                        <string>{16.000000,-16.000000}</string>
                        <string>{16.000000,16.000000}</string>
                        <string>{-16.000000,16.000000}</string>
                    </array>
                    <key>oneWayCollisionVector</key>
                    <string>{0.000000,0.000000}</string>
                    <key>shapeType</key>
                    <string>1</string>
                </dict>
            </dict>
            <dict>
                <key>id</key>
                <string>2333</string>
                <key>className</key>
                <string>PTModelAssetObstacle</string>
                <key>Name</key>
                <dict>
                    <key>value</key>
                    <string>Crate</string>
                </dict>
                <key>Collision Shape</key>
                <dict>
                    <key>id</key>
                    <string>2334</string>
                    <key>className</key>
                    <string>PTModelPolygon</string>
                    <key>Name</key>
                    <dict>
                        <key>value</key>
                        <string></string>
                    </dict>
                    <key>points</key>
                    <array>
                        <string>{-53.000000,-53.000000}</string>
                        <string>{53.000000,-53.000000}</string>
                        <string>{53.000000,53.000000}</string>
                        <string>{-53.000000,53.000000}</string>
                    </array>
                    <key>oneWayCollisionVector</key>
                    <string>{0.000000,0.000000}</string>
                    <key>shapeType</key>
                    <string>1</string>
                </dict>
            </dict>
        </array>
    </dict>
</plist>
