<?xml version="1.0" encoding="UTF-8"?>
<!DOCTYPE plist PUBLIC "-//Apple//DTD PLIST 1.0//EN" "http://www.apple.com/DTDs/PropertyList-1.0.dtd"/>

<plist version="1.0">
    <dict>
        <key>ROOT</key>
        <array>
            <dict>
                <key>id</key>
                <string>2148</string>
                <key>Asset</key>
                <dict>
                    <key>value</key>
                    <string>2140</string>
                </dict>
            </dict>
            <dict>
                <key>id</key>
                <string>2150</string>
                <key>Asset</key>
                <dict>
                    <key>value</key>
                    <string>2140</string>
                </dict>
            </dict>
            <dict>
                <key>id</key>
                <string>2152</string>
                <key>Asset</key>
                <dict>
                    <key>value</key>
                    <string>2140</string>
                </dict>
            </dict>
            <dict>
                <key>id</key>
                <string>2154</string>
                <key>Asset</key>
                <dict>
                    <key>value</key>
                    <string>2140</string>
                </dict>
            </dict>
            <dict>
                <key>id</key>
                <string>2156</string>
                <key>Asset</key>
                <dict>
                    <key>value</key>
                    <string>2140</string>
                </dict>
            </dict>
            <dict>
                <key>id</key>
                <string>2158</string>
                <key>Asset</key>
                <dict>
                    <key>value</key>
                    <string>2140</string>
                </dict>
            </dict>
            <dict>
                <key>id</key>
                <string>2160</string>
                <key>Asset</key>
                <dict>
                    <key>value</key>
                    <string>2140</string>
                </dict>
            </dict>
            <dict>
                <key>id</key>
                <string>2162</string>
                <key>Asset</key>
                <dict>
                    <key>value</key>
                    <string>2140</string>
                </dict>
            </dict>
            <dict>
                <key>id</key>
                <string>2193</string>
                <key>Asset</key>
                <dict>
                    <key>value</key>
                    <string>2185</string>
                </dict>
            </dict>
            <dict>
                <key>id</key>
                <string>2465</string>
                <key>Asset</key>
                <dict>
                    <key>value</key>
                    <string>2140</string>
                </dict>
            </dict>
            <dict>
                <key>id</key>
                <string>2467</string>
                <key>Asset</key>
                <dict>
                    <key>value</key>
                    <string>2140</string>
                </dict>
            </dict>
            <dict>
                <key>id</key>
                <string>2469</string>
                <key>Asset</key>
                <dict>
                    <key>value</key>
                    <string>2140</string>
                </dict>
            </dict>
        </array>
    </dict>
</plist>
