<?xml version="1.0" encoding="UTF-8"?>
<!DOCTYPE plist PUBLIC "-//Apple//DTD PLIST 1.0//EN" "http://www.apple.com/DTDs/PropertyList-1.0.dtd"/>

<plist version="1.0">
    <dict>
        <key>ROOT</key>
        <array>
            <dict>
                <key>id</key>
                <string>106</string>
                <key>className</key>
                <string>PTModelSprite</string>
                <key>Name</key>
                <dict>
                    <key>value</key>
                    <string>Background</string>
                </dict>
                <key>pos</key>
                <string>{1594.00,443.00}</string>
                <key>offset</key>
                <string>{0.00,0.00}</string>
                <key>size</key>
                <string>{285.00,160.00}</string>
                <key>sourceSize</key>
                <string>{285.00,160.00}</string>
                <key>sourceRect</key>
                <string>{{0.00,0.00},{285.00,160.00}}</string>
            </dict>
            <dict>
                <key>id</key>
                <string>110</string>
                <key>className</key>
                <string>PTModelSprite</string>
                <key>Name</key>
                <dict>
                    <key>value</key>
                    <string>Character</string>
                </dict>
                <key>pos</key>
                <string>{1913.00,368.00}</string>
                <key>offset</key>
                <string>{0.00,1.00}</string>
                <key>size</key>
                <string>{63.00,62.00}</string>
                <key>sourceSize</key>
                <string>{63.00,63.00}</string>
                <key>sourceRect</key>
                <string>{{0.00,1.00},{63.00,62.00}}</string>
            </dict>
            <dict>
                <key>id</key>
                <string>121</string>
                <key>className</key>
                <string>PTModelSprite</string>
                <key>Name</key>
                <dict>
                    <key>value</key>
                    <string>DarkClouds</string>
                </dict>
                <key>pos</key>
                <string>{0.00,644.00}</string>
                <key>offset</key>
                <string>{0.00,0.00}</string>
                <key>size</key>
                <string>{2000.00,563.00}</string>
                <key>sourceSize</key>
                <string>{2000.00,563.00}</string>
                <key>sourceRect</key>
                <string>{{0.00,0.00},{2000.00,563.00}}</string>
            </dict>
            <dict>
                <key>id</key>
                <string>151</string>
                <key>className</key>
                <string>PTModelSprite</string>
                <key>Name</key>
                <dict>
                    <key>value</key>
                    <string>Character</string>
                </dict>
                <key>pos</key>
                <string>{1846.00,368.00}</string>
                <key>offset</key>
                <string>{0.00,1.00}</string>
                <key>size</key>
                <string>{63.00,62.00}</string>
                <key>sourceSize</key>
                <string>{63.00,63.00}</string>
                <key>sourceRect</key>
                <string>{{0.00,1.00},{63.00,62.00}}</string>
            </dict>
            <dict>
                <key>id</key>
                <string>342</string>
                <key>className</key>
                <string>PTModelSprite</string>
                <key>Name</key>
                <dict>
                    <key>value</key>
                    <string>Enemy</string>
                </dict>
                <key>pos</key>
                <string>{1846.00,191.00}</string>
                <key>offset</key>
                <string>{0.00,1.00}</string>
                <key>size</key>
                <string>{189.00,173.00}</string>
                <key>sourceSize</key>
                <string>{189.00,174.00}</string>
                <key>sourceRect</key>
                <string>{{0.00,1.00},{189.00,173.00}}</string>
            </dict>
            <dict>
                <key>id</key>
                <string>442</string>
                <key>className</key>
                <string>PTModelSprite</string>
                <key>Name</key>
                <dict>
                    <key>value</key>
                    <string>Platform</string>
                </dict>
                <key>pos</key>
                <string>{1622.00,1211.00}</string>
                <key>offset</key>
                <string>{0.00,0.00}</string>
                <key>size</key>
                <string>{234.00,233.00}</string>
                <key>sourceSize</key>
                <string>{234.00,233.00}</string>
                <key>sourceRect</key>
                <string>{{0.00,0.00},{234.00,233.00}}</string>
            </dict>
            <dict>
                <key>id</key>
                <string>992</string>
                <key>className</key>
                <string>PTModelSprite</string>
                <key>Name</key>
                <dict>
                    <key>value</key>
                    <string>Particle</string>
                </dict>
                <key>pos</key>
                <string>{0.00,0.00}</string>
                <key>offset</key>
                <string>{0.00,0.00}</string>
                <key>size</key>
                <string>{0.00,0.00}</string>
                <key>sourceSize</key>
                <string>{83.00,83.00}</string>
                <key>sourceRect</key>
                <string>{{0.00,0.00},{0.00,0.00}}</string>
            </dict>
            <dict>
                <key>id</key>
                <string>1043</string>
                <key>className</key>
                <string>PTModelSprite</string>
                <key>Name</key>
                <dict>
                    <key>value</key>
                    <string>icon_add_locator@2x</string>
                </dict>
                <key>pos</key>
                <string>{0.00,0.00}</string>
                <key>offset</key>
                <string>{0.00,0.00}</string>
                <key>size</key>
                <string>{0.00,0.00}</string>
                <key>sourceSize</key>
                <string>{50.00,50.00}</string>
                <key>sourceRect</key>
                <string>{{0.00,0.00},{0.00,0.00}}</string>
            </dict>
            <dict>
                <key>id</key>
                <string>1051</string>
                <key>className</key>
                <string>PTModelSprite</string>
                <key>Name</key>
                <dict>
                    <key>value</key>
                    <string>Particle</string>
                </dict>
                <key>pos</key>
                <string>{0.00,0.00}</string>
                <key>offset</key>
                <string>{0.00,0.00}</string>
                <key>size</key>
                <string>{0.00,0.00}</string>
                <key>sourceSize</key>
                <string>{83.00,83.00}</string>
                <key>sourceRect</key>
                <string>{{0.00,0.00},{0.00,0.00}}</string>
            </dict>
            <dict>
                <key>id</key>
                <string>1187</string>
                <key>className</key>
                <string>PTModelSprite</string>
                <key>Name</key>
                <dict>
                    <key>value</key>
                    <string>Coins</string>
                </dict>
                <key>pos</key>
                <string>{0.00,0.00}</string>
                <key>offset</key>
                <string>{0.00,0.00}</string>
                <key>size</key>
                <string>{0.00,0.00}</string>
                <key>sourceSize</key>
                <string>{27.00,27.00}</string>
                <key>sourceRect</key>
                <string>{{0.00,0.00},{0.00,0.00}}</string>
            </dict>
            <dict>
                <key>id</key>
                <string>1484</string>
                <key>className</key>
                <string>PTModelSprite</string>
                <key>Name</key>
                <dict>
                    <key>value</key>
                    <string>Right</string>
                </dict>
                <key>pos</key>
                <string>{1795.00,1914.00}</string>
                <key>offset</key>
                <string>{0.00,0.00}</string>
                <key>size</key>
                <string>{81.00,89.00}</string>
                <key>sourceSize</key>
                <string>{82.00,90.00}</string>
                <key>sourceRect</key>
                <string>{{0.00,0.00},{81.00,89.00}}</string>
            </dict>
            <dict>
                <key>id</key>
                <string>1490</string>
                <key>className</key>
                <string>PTModelSprite</string>
                <key>Name</key>
                <dict>
                    <key>value</key>
                    <string>Left</string>
                </dict>
                <key>pos</key>
                <string>{1710.00,1914.00}</string>
                <key>offset</key>
                <string>{0.00,0.00}</string>
                <key>size</key>
                <string>{81.00,89.00}</string>
                <key>sourceSize</key>
                <string>{82.00,90.00}</string>
                <key>sourceRect</key>
                <string>{{0.00,0.00},{81.00,89.00}}</string>
            </dict>
            <dict>
                <key>id</key>
                <string>1502</string>
                <key>className</key>
                <string>PTModelSprite</string>
                <key>Name</key>
                <dict>
                    <key>value</key>
                    <string>Up</string>
                </dict>
                <key>pos</key>
                <string>{1880.00,1914.00}</string>
                <key>offset</key>
                <string>{0.00,0.00}</string>
                <key>size</key>
                <string>{90.00,81.00}</string>
                <key>sourceSize</key>
                <string>{90.00,82.00}</string>
                <key>sourceRect</key>
                <string>{{0.00,0.00},{90.00,81.00}}</string>
            </dict>
            <dict>
                <key>id</key>
                <string>1567</string>
                <key>className</key>
                <string>PTModelSprite</string>
                <key>Name</key>
                <dict>
                    <key>value</key>
                    <string>pause_button</string>
                </dict>
                <key>pos</key>
                <string>{1921.00,1653.00}</string>
                <key>offset</key>
                <string>{0.00,0.00}</string>
                <key>size</key>
                <string>{93.00,93.00}</string>
                <key>sourceSize</key>
                <string>{93.00,93.00}</string>
                <key>sourceRect</key>
                <string>{{0.00,0.00},{93.00,93.00}}</string>
            </dict>
            <dict>
                <key>id</key>
                <string>1573</string>
                <key>className</key>
                <string>PTModelSprite</string>
                <key>Name</key>
                <dict>
                    <key>value</key>
                    <string>ui_background</string>
                </dict>
                <key>pos</key>
                <string>{0.00,0.00}</string>
                <key>offset</key>
                <string>{0.00,0.00}</string>
                <key>size</key>
                <string>{1136.00,640.00}</string>
                <key>sourceSize</key>
                <string>{1136.00,640.00}</string>
                <key>sourceRect</key>
                <string>{{0.00,0.00},{1136.00,640.00}}</string>
            </dict>
            <dict>
                <key>id</key>
                <string>1576</string>
                <key>className</key>
                <string>PTModelSprite</string>
                <key>Name</key>
                <dict>
                    <key>value</key>
                    <string>start_button</string>
                </dict>
                <key>pos</key>
                <string>{444.00,1653.00}</string>
                <key>offset</key>
                <string>{0.00,0.00}</string>
                <key>size</key>
                <string>{447.00,139.00}</string>
                <key>sourceSize</key>
                <string>{447.00,139.00}</string>
                <key>sourceRect</key>
                <string>{{0.00,0.00},{447.00,139.00}}</string>
            </dict>
            <dict>
                <key>id</key>
                <string>1581</string>
                <key>className</key>
                <string>PTModelSprite</string>
                <key>Name</key>
                <dict>
                    <key>value</key>
                    <string>game_logo</string>
                </dict>
                <key>pos</key>
                <string>{1140.00,443.00}</string>
                <key>offset</key>
                <string>{0.00,0.00}</string>
                <key>size</key>
                <string>{450.00,193.00}</string>
                <key>sourceSize</key>
                <string>{450.00,193.00}</string>
                <key>sourceRect</key>
                <string>{{0.00,0.00},{450.00,193.00}}</string>
            </dict>
            <dict>
                <key>id</key>
                <string>1589</string>
                <key>className</key>
                <string>PTModelSprite</string>
                <key>Name</key>
                <dict>
                    <key>value</key>
                    <string>back_button</string>
                </dict>
                <key>pos</key>
                <string>{1787.00,1796.00}</string>
                <key>offset</key>
                <string>{0.00,0.00}</string>
                <key>size</key>
                <string>{228.00,100.00}</string>
                <key>sourceSize</key>
                <string>{228.00,100.00}</string>
                <key>sourceRect</key>
                <string>{{0.00,0.00},{228.00,100.00}}</string>
            </dict>
            <dict>
                <key>id</key>
                <string>1591</string>
                <key>className</key>
                <string>PTModelSprite</string>
                <key>Name</key>
                <dict>
                    <key>value</key>
                    <string>info_button</string>
                </dict>
                <key>pos</key>
                <string>{1860.00,1365.00}</string>
                <key>offset</key>
                <string>{0.00,0.00}</string>
                <key>size</key>
                <string>{79.00,79.00}</string>
                <key>sourceSize</key>
                <string>{79.00,79.00}</string>
                <key>sourceRect</key>
                <string>{{0.00,0.00},{79.00,79.00}}</string>
            </dict>
            <dict>
                <key>id</key>
                <string>1598</string>
                <key>className</key>
                <string>PTModelSprite</string>
                <key>Name</key>
                <dict>
                    <key>value</key>
                    <string>coin_button</string>
                </dict>
                <key>pos</key>
                <string>{1943.00,1365.00}</string>
                <key>offset</key>
                <string>{0.00,0.00}</string>
                <key>size</key>
                <string>{87.00,72.00}</string>
                <key>sourceSize</key>
                <string>{87.00,72.00}</string>
                <key>sourceRect</key>
                <string>{{0.00,0.00},{87.00,72.00}}</string>
            </dict>
            <dict>
                <key>id</key>
                <string>1604</string>
                <key>className</key>
                <string>PTModelSprite</string>
                <key>Name</key>
                <dict>
                    <key>value</key>
                    <string>world_select_logo</string>
                </dict>
                <key>pos</key>
                <string>{795.00,1914.00}</string>
                <key>offset</key>
                <string>{0.00,0.00}</string>
                <key>size</key>
                <string>{911.00,97.00}</string>
                <key>sourceSize</key>
                <string>{911.00,97.00}</string>
                <key>sourceRect</key>
                <string>{{0.00,0.00},{911.00,97.00}}</string>
            </dict>
            <dict>
                <key>id</key>
                <string>1610</string>
                <key>className</key>
                <string>PTModelSprite</string>
                <key>Name</key>
                <dict>
                    <key>value</key>
                    <string>pause_logo</string>
                </dict>
                <key>pos</key>
                <string>{1366.00,1796.00}</string>
                <key>offset</key>
                <string>{0.00,0.00}</string>
                <key>size</key>
                <string>{417.00,109.00}</string>
                <key>sourceSize</key>
                <string>{417.00,109.00}</string>
                <key>sourceRect</key>
                <string>{{0.00,0.00},{417.00,109.00}}</string>
            </dict>
            <dict>
                <key>id</key>
                <string>1613</string>
                <key>className</key>
                <string>PTModelSprite</string>
                <key>Name</key>
                <dict>
                    <key>value</key>
                    <string>continue_button</string>
                </dict>
                <key>pos</key>
                <string>{444.00,1796.00}</string>
                <key>offset</key>
                <string>{0.00,0.00}</string>
                <key>size</key>
                <string>{457.00,113.00}</string>
                <key>sourceSize</key>
                <string>{457.00,113.00}</string>
                <key>sourceRect</key>
                <string>{{0.00,0.00},{457.00,113.00}}</string>
            </dict>
            <dict>
                <key>id</key>
                <string>1616</string>
                <key>className</key>
                <string>PTModelSprite</string>
                <key>Name</key>
                <dict>
                    <key>value</key>
                    <string>world_select_button</string>
                </dict>
                <key>pos</key>
                <string>{1356.00,1653.00}</string>
                <key>offset</key>
                <string>{0.00,0.00}</string>
                <key>size</key>
                <string>{457.00,113.00}</string>
                <key>sourceSize</key>
                <string>{457.00,113.00}</string>
                <key>sourceRect</key>
                <string>{{0.00,0.00},{457.00,113.00}}</string>
            </dict>
            <dict>
                <key>id</key>
                <string>1619</string>
                <key>className</key>
                <string>PTModelSprite</string>
                <key>Name</key>
                <dict>
                    <key>value</key>
                    <string>main_menu_button</string>
                </dict>
                <key>pos</key>
                <string>{895.00,1653.00}</string>
                <key>offset</key>
                <string>{0.00,0.00}</string>
                <key>size</key>
                <string>{457.00,113.00}</string>
                <key>sourceSize</key>
                <string>{457.00,113.00}</string>
                <key>sourceRect</key>
                <string>{{0.00,0.00},{457.00,113.00}}</string>
            </dict>
            <dict>
                <key>id</key>
                <string>1626</string>
                <key>className</key>
                <string>PTModelSprite</string>
                <key>Name</key>
                <dict>
                    <key>value</key>
                    <string>game_over_logo</string>
                </dict>
                <key>pos</key>
                <string>{0.00,1914.00}</string>
                <key>offset</key>
                <string>{0.00,0.00}</string>
                <key>size</key>
                <string>{791.00,109.00}</string>
                <key>sourceSize</key>
                <string>{791.00,109.00}</string>
                <key>sourceRect</key>
                <string>{{0.00,0.00},{791.00,109.00}}</string>
            </dict>
            <dict>
                <key>id</key>
                <string>1629</string>
                <key>className</key>
                <string>PTModelSprite</string>
                <key>Name</key>
                <dict>
                    <key>value</key>
                    <string>restart_button</string>
                </dict>
                <key>pos</key>
                <string>{905.00,1796.00}</string>
                <key>offset</key>
                <string>{0.00,0.00}</string>
                <key>size</key>
                <string>{457.00,113.00}</string>
                <key>sourceSize</key>
                <string>{457.00,113.00}</string>
                <key>sourceRect</key>
                <string>{{0.00,0.00},{457.00,113.00}}</string>
            </dict>
            <dict>
                <key>id</key>
                <string>1660</string>
                <key>className</key>
                <string>PTModelSprite</string>
                <key>Name</key>
                <dict>
                    <key>value</key>
                    <string>1</string>
                </dict>
                <key>pos</key>
                <string>{1886.00,1448.00}</string>
                <key>offset</key>
                <string>{0.00,0.00}</string>
                <key>size</key>
                <string>{100.00,100.00}</string>
                <key>sourceSize</key>
                <string>{100.00,100.00}</string>
                <key>sourceRect</key>
                <string>{{0.00,0.00},{100.00,100.00}}</string>
            </dict>
            <dict>
                <key>id</key>
                <string>1663</string>
                <key>className</key>
                <string>PTModelSprite</string>
                <key>Name</key>
                <dict>
                    <key>value</key>
                    <string>2</string>
                </dict>
                <key>pos</key>
                <string>{1817.00,1653.00}</string>
                <key>offset</key>
                <string>{0.00,0.00}</string>
                <key>size</key>
                <string>{100.00,100.00}</string>
                <key>sourceSize</key>
                <string>{100.00,100.00}</string>
                <key>sourceRect</key>
                <string>{{0.00,0.00},{100.00,100.00}}</string>
            </dict>
            <dict>
                <key>id</key>
                <string>1685</string>
                <key>className</key>
                <string>PTModelSprite</string>
                <key>Name</key>
                <dict>
                    <key>value</key>
                    <string>BG</string>
                </dict>
                <key>pos</key>
                <string>{0.00,0.00}</string>
                <key>offset</key>
                <string>{0.00,0.00}</string>
                <key>size</key>
                <string>{2000.00,1143.00}</string>
                <key>sourceSize</key>
                <string>{2000.00,1143.00}</string>
                <key>sourceRect</key>
                <string>{{0.00,0.00},{2000.00,1143.00}}</string>
            </dict>
            <dict>
                <key>id</key>
                <string>1689</string>
                <key>className</key>
                <string>PTModelSprite</string>
                <key>Name</key>
                <dict>
                    <key>value</key>
                    <string>Tile (2)</string>
                </dict>
                <key>pos</key>
                <string>{1754.00,1448.00}</string>
                <key>offset</key>
                <string>{0.00,0.00}</string>
                <key>size</key>
                <string>{128.00,128.00}</string>
                <key>sourceSize</key>
                <string>{128.00,128.00}</string>
                <key>sourceRect</key>
                <string>{{0.00,0.00},{128.00,128.00}}</string>
            </dict>
            <dict>
                <key>id</key>
                <string>1774</string>
                <key>className</key>
                <string>PTModelSprite</string>
                <key>Name</key>
                <dict>
                    <key>value</key>
                    <string>Idle__009</string>
                </dict>
                <key>pos</key>
                <string>{1611.00,0.00}</string>
                <key>offset</key>
                <string>{1.00,1.00}</string>
                <key>size</key>
                <string>{231.00,438.00}</string>
                <key>sourceSize</key>
                <string>{232.00,439.00}</string>
                <key>sourceRect</key>
                <string>{{1.00,1.00},{231.00,438.00}}</string>
            </dict>
            <dict>
                <key>id</key>
                <string>1775</string>
                <key>className</key>
                <string>PTModelSprite</string>
                <key>Name</key>
                <dict>
                    <key>value</key>
                    <string>Idle__000</string>
                </dict>
                <key>pos</key>
                <string>{1140.00,0.00}</string>
                <key>offset</key>
                <string>{0.00,0.00}</string>
                <key>size</key>
                <string>{232.00,439.00}</string>
                <key>sourceSize</key>
                <string>{232.00,439.00}</string>
                <key>sourceRect</key>
                <string>{{0.00,0.00},{232.00,439.00}}</string>
            </dict>
            <dict>
                <key>id</key>
                <string>1776</string>
                <key>className</key>
                <string>PTModelSprite</string>
                <key>Name</key>
                <dict>
                    <key>value</key>
                    <string>Idle__001</string>
                </dict>
                <key>pos</key>
                <string>{1376.00,0.00}</string>
                <key>offset</key>
                <string>{1.00,1.00}</string>
                <key>size</key>
                <string>{231.00,438.00}</string>
                <key>sourceSize</key>
                <string>{232.00,439.00}</string>
                <key>sourceRect</key>
                <string>{{1.00,1.00},{231.00,438.00}}</string>
            </dict>
            <dict>
                <key>id</key>
                <string>1777</string>
                <key>className</key>
                <string>PTModelSprite</string>
                <key>Name</key>
                <dict>
                    <key>value</key>
                    <string>Idle__002</string>
                </dict>
                <key>pos</key>
                <string>{233.00,1211.00}</string>
                <key>offset</key>
                <string>{3.00,1.00}</string>
                <key>size</key>
                <string>{229.00,438.00}</string>
                <key>sourceSize</key>
                <string>{232.00,439.00}</string>
                <key>sourceRect</key>
                <string>{{3.00,1.00},{229.00,438.00}}</string>
            </dict>
            <dict>
                <key>id</key>
                <string>1778</string>
                <key>className</key>
                <string>PTModelSprite</string>
                <key>Name</key>
                <dict>
                    <key>value</key>
                    <string>Idle__003</string>
                </dict>
                <key>pos</key>
                <string>{698.00,1211.00}</string>
                <key>offset</key>
                <string>{4.00,2.00}</string>
                <key>size</key>
                <string>{228.00,437.00}</string>
                <key>sourceSize</key>
                <string>{232.00,439.00}</string>
                <key>sourceRect</key>
                <string>{{4.00,2.00},{228.00,437.00}}</string>
            </dict>
            <dict>
                <key>id</key>
                <string>1779</string>
                <key>className</key>
                <string>PTModelSprite</string>
                <key>Name</key>
                <dict>
                    <key>value</key>
                    <string>Idle__004</string>
                </dict>
                <key>pos</key>
                <string>{1161.00,1211.00}</string>
                <key>offset</key>
                <string>{5.00,3.00}</string>
                <key>size</key>
                <string>{227.00,436.00}</string>
                <key>sourceSize</key>
                <string>{232.00,439.00}</string>
                <key>sourceRect</key>
                <string>{{5.00,3.00},{227.00,436.00}}</string>
            </dict>
            <dict>
                <key>id</key>
                <string>1780</string>
                <key>className</key>
                <string>PTModelSprite</string>
                <key>Name</key>
                <dict>
                    <key>value</key>
                    <string>Idle__005</string>
                </dict>
                <key>pos</key>
                <string>{1392.00,1211.00}</string>
                <key>offset</key>
                <string>{6.00,4.00}</string>
                <key>size</key>
                <string>{226.00,435.00}</string>
                <key>sourceSize</key>
                <string>{232.00,439.00}</string>
                <key>sourceRect</key>
                <string>{{6.00,4.00},{226.00,435.00}}</string>
            </dict>
            <dict>
                <key>id</key>
                <string>1781</string>
                <key>className</key>
                <string>PTModelSprite</string>
                <key>Name</key>
                <dict>
                    <key>value</key>
                    <string>Idle__006</string>
                </dict>
                <key>pos</key>
                <string>{930.00,1211.00}</string>
                <key>offset</key>
                <string>{5.00,3.00}</string>
                <key>size</key>
                <string>{227.00,436.00}</string>
                <key>sourceSize</key>
                <string>{232.00,439.00}</string>
                <key>sourceRect</key>
                <string>{{5.00,3.00},{227.00,436.00}}</string>
            </dict>
            <dict>
                <key>id</key>
                <string>1782</string>
                <key>className</key>
                <string>PTModelSprite</string>
                <key>Name</key>
                <dict>
                    <key>value</key>
                    <string>Idle__007</string>
                </dict>
                <key>pos</key>
                <string>{466.00,1211.00}</string>
                <key>offset</key>
                <string>{4.00,2.00}</string>
                <key>size</key>
                <string>{228.00,437.00}</string>
                <key>sourceSize</key>
                <string>{232.00,439.00}</string>
                <key>sourceRect</key>
                <string>{{4.00,2.00},{228.00,437.00}}</string>
            </dict>
            <dict>
                <key>id</key>
                <string>1783</string>
                <key>className</key>
                <string>PTModelSprite</string>
                <key>Name</key>
                <dict>
                    <key>value</key>
                    <string>Idle__008</string>
                </dict>
                <key>pos</key>
                <string>{0.00,1211.00}</string>
                <key>offset</key>
                <string>{3.00,1.00}</string>
                <key>size</key>
                <string>{229.00,438.00}</string>
                <key>sourceSize</key>
                <string>{232.00,439.00}</string>
                <key>sourceRect</key>
                <string>{{3.00,1.00},{229.00,438.00}}</string>
            </dict>
            <dict>
                <key>id</key>
                <string>1798</string>
                <key>className</key>
                <string>PTModelSprite</string>
                <key>Name</key>
                <dict>
                    <key>value</key>
                    <string>Throw__009</string>
                </dict>
                <key>pos</key>
                <string>{892.00,1601.00}</string>
                <key>offset</key>
                <string>{97.00,13.00}</string>
                <key>size</key>
                <string>{241.00,437.00}</string>
                <key>sourceSize</key>
                <string>{377.00,451.00}</string>
                <key>sourceRect</key>
                <string>{{97.00,13.00},{241.00,437.00}}</string>
            </dict>
            <dict>
                <key>id</key>
                <string>1799</string>
                <key>className</key>
                <string>PTModelSprite</string>
                <key>Name</key>
                <dict>
                    <key>value</key>
                    <string>Throw__000</string>
                </dict>
                <key>pos</key>
                <string>{1394.00,1601.00}</string>
                <key>offset</key>
                <string>{97.00,22.00}</string>
                <key>size</key>
                <string>{257.00,425.00}</string>
                <key>sourceSize</key>
                <string>{377.00,451.00}</string>
                <key>sourceRect</key>
                <string>{{97.00,22.00},{257.00,425.00}}</string>
            </dict>
            <dict>
                <key>id</key>
                <string>1800</string>
                <key>className</key>
                <string>PTModelSprite</string>
                <key>Name</key>
                <dict>
                    <key>value</key>
                    <string>Throw__001</string>
                </dict>
                <key>pos</key>
                <string>{1781.00,1147.00}</string>
                <key>offset</key>
                <string>{94.00,11.00}</string>
                <key>size</key>
                <string>{240.00,438.00}</string>
                <key>sourceSize</key>
                <string>{377.00,451.00}</string>
                <key>sourceRect</key>
                <string>{{94.00,11.00},{240.00,438.00}}</string>
            </dict>
            <dict>
                <key>id</key>
                <string>1801</string>
                <key>className</key>
                <string>PTModelSprite</string>
                <key>Name</key>
                <dict>
                    <key>value</key>
                    <string>Throw__002</string>
                </dict>
                <key>pos</key>
                <string>{859.00,1147.00}</string>
                <key>offset</key>
                <string>{49.00,5.00}</string>
                <key>size</key>
                <string>{314.00,444.00}</string>
                <key>sourceSize</key>
                <string>{377.00,451.00}</string>
                <key>sourceRect</key>
                <string>{{49.00,5.00},{314.00,444.00}}</string>
            </dict>
            <dict>
                <key>id</key>
                <string>1802</string>
                <key>className</key>
                <string>PTModelSprite</string>
                <key>Name</key>
                <dict>
                    <key>value</key>
                    <string>Throw__003</string>
                </dict>
                <key>pos</key>
                <string>{0.00,1601.00}</string>
                <key>offset</key>
                <string>{8.00,5.00}</string>
                <key>size</key>
                <string>{303.00,443.00}</string>
                <key>sourceSize</key>
                <string>{377.00,451.00}</string>
                <key>sourceRect</key>
                <string>{{8.00,5.00},{303.00,443.00}}</string>
            </dict>
            <dict>
                <key>id</key>
                <string>1803</string>
                <key>className</key>
                <string>PTModelSprite</string>
                <key>Name</key>
                <dict>
                    <key>value</key>
                    <string>Throw__004</string>
                </dict>
                <key>pos</key>
                <string>{1478.00,1147.00}</string>
                <key>offset</key>
                <string>{11.00,5.00}</string>
                <key>size</key>
                <string>{299.00,443.00}</string>
                <key>sourceSize</key>
                <string>{377.00,451.00}</string>
                <key>sourceRect</key>
                <string>{{11.00,5.00},{299.00,443.00}}</string>
            </dict>
            <dict>
                <key>id</key>
                <string>1804</string>
                <key>className</key>
                <string>PTModelSprite</string>
                <key>Name</key>
                <dict>
                    <key>value</key>
                    <string>Throw__005</string>
                </dict>
                <key>pos</key>
                <string>{1177.00,1147.00}</string>
                <key>offset</key>
                <string>{13.00,5.00}</string>
                <key>size</key>
                <string>{297.00,443.00}</string>
                <key>sourceSize</key>
                <string>{377.00,451.00}</string>
                <key>sourceRect</key>
                <string>{{13.00,5.00},{297.00,443.00}}</string>
            </dict>
            <dict>
                <key>id</key>
                <string>1805</string>
                <key>className</key>
                <string>PTModelSprite</string>
                <key>Name</key>
                <dict>
                    <key>value</key>
                    <string>Throw__006</string>
                </dict>
                <key>pos</key>
                <string>{307.00,1601.00}</string>
                <key>offset</key>
                <string>{16.00,5.00}</string>
                <key>size</key>
                <string>{295.00,442.00}</string>
                <key>sourceSize</key>
                <string>{377.00,451.00}</string>
                <key>sourceRect</key>
                <string>{{16.00,5.00},{295.00,442.00}}</string>
            </dict>
            <dict>
                <key>id</key>
                <string>1806</string>
                <key>className</key>
                <string>PTModelSprite</string>
                <key>Name</key>
                <dict>
                    <key>value</key>
                    <string>Throw__007</string>
                </dict>
                <key>pos</key>
                <string>{236.00,1147.00}</string>
                <key>offset</key>
                <string>{45.00,5.00}</string>
                <key>size</key>
                <string>{323.00,446.00}</string>
                <key>sourceSize</key>
                <string>{377.00,451.00}</string>
                <key>sourceRect</key>
                <string>{{45.00,5.00},{323.00,446.00}}</string>
            </dict>
            <dict>
                <key>id</key>
                <string>1807</string>
                <key>className</key>
                <string>PTModelSprite</string>
                <key>Name</key>
                <dict>
                    <key>value</key>
                    <string>Throw__008</string>
                </dict>
                <key>pos</key>
                <string>{563.00,1147.00}</string>
                <key>offset</key>
                <string>{75.00,7.00}</string>
                <key>size</key>
                <string>{292.00,444.00}</string>
                <key>sourceSize</key>
                <string>{377.00,451.00}</string>
                <key>sourceRect</key>
                <string>{{75.00,7.00},{292.00,444.00}}</string>
            </dict>
            <dict>
                <key>id</key>
                <string>1824</string>
                <key>className</key>
                <string>PTModelSprite</string>
                <key>Name</key>
                <dict>
                    <key>value</key>
                    <string>Kunai</string>
                </dict>
                <key>pos</key>
                <string>{1622.00,1580.00}</string>
                <key>offset</key>
                <string>{0.00,0.00}</string>
                <key>size</key>
                <string>{160.00,32.00}</string>
                <key>sourceSize</key>
                <string>{160.00,32.00}</string>
                <key>sourceRect</key>
                <string>{{0.00,0.00},{160.00,32.00}}</string>
            </dict>
            <dict>
                <key>id</key>
                <string>1859</string>
                <key>className</key>
                <string>PTModelSprite</string>
                <key>Name</key>
                <dict>
                    <key>value</key>
                    <string>Run__009</string>
                </dict>
                <key>pos</key>
                <string>{686.00,901.00}</string>
                <key>offset</key>
                <string>{34.00,15.00}</string>
                <key>size</key>
                <string>{326.00,420.00}</string>
                <key>sourceSize</key>
                <string>{363.00,458.00}</string>
                <key>sourceRect</key>
                <string>{{34.00,15.00},{326.00,420.00}}</string>
            </dict>
            <dict>
                <key>id</key>
                <string>1860</string>
                <key>className</key>
                <string>PTModelSprite</string>
                <key>Name</key>
                <dict>
                    <key>value</key>
                    <string>Run__000</string>
                </dict>
                <key>pos</key>
                <string>{771.00,465.00}</string>
                <key>offset</key>
                <string>{34.00,15.00}</string>
                <key>size</key>
                <string>{326.00,431.00}</string>
                <key>sourceSize</key>
                <string>{363.00,458.00}</string>
                <key>sourceRect</key>
                <string>{{34.00,15.00},{326.00,431.00}}</string>
            </dict>
            <dict>
                <key>id</key>
                <string>1861</string>
                <key>className</key>
                <string>PTModelSprite</string>
                <key>Name</key>
                <dict>
                    <key>value</key>
                    <string>Run__001</string>
                </dict>
                <key>pos</key>
                <string>{556.00,0.00}</string>
                <key>offset</key>
                <string>{32.00,9.00}</string>
                <key>size</key>
                <string>{321.00,448.00}</string>
                <key>sourceSize</key>
                <string>{363.00,458.00}</string>
                <key>sourceRect</key>
                <string>{{32.00,9.00},{321.00,448.00}}</string>
            </dict>
            <dict>
                <key>id</key>
                <string>1862</string>
                <key>className</key>
                <string>PTModelSprite</string>
                <key>Name</key>
                <dict>
                    <key>value</key>
                    <string>Run__002</string>
                </dict>
                <key>pos</key>
                <string>{1206.00,0.00}</string>
                <key>offset</key>
                <string>{28.00,5.00}</string>
                <key>size</key>
                <string>{319.00,444.00}</string>
                <key>sourceSize</key>
                <string>{363.00,458.00}</string>
                <key>sourceRect</key>
                <string>{{28.00,5.00},{319.00,444.00}}</string>
            </dict>
            <dict>
                <key>id</key>
                <string>1863</string>
                <key>className</key>
                <string>PTModelSprite</string>
                <key>Name</key>
                <dict>
                    <key>value</key>
                    <string>Run__003</string>
                </dict>
                <key>pos</key>
                <string>{1321.00,901.00}</string>
                <key>offset</key>
                <string>{0.00,8.00}</string>
                <key>size</key>
                <string>{351.00,420.00}</string>
                <key>sourceSize</key>
                <string>{363.00,458.00}</string>
                <key>sourceRect</key>
                <string>{{0.00,8.00},{351.00,420.00}}</string>
            </dict>
            <dict>
                <key>id</key>
                <string>1864</string>
                <key>className</key>
                <string>PTModelSprite</string>
                <key>Name</key>
                <dict>
                    <key>value</key>
                    <string>Run__004</string>
                </dict>
                <key>pos</key>
                <string>{0.00,901.00}</string>
                <key>offset</key>
                <string>{8.00,15.00}</string>
                <key>size</key>
                <string>{352.00,425.00}</string>
                <key>sourceSize</key>
                <string>{363.00,458.00}</string>
                <key>sourceRect</key>
                <string>{{8.00,15.00},{352.00,425.00}}</string>
            </dict>
            <dict>
                <key>id</key>
                <string>1865</string>
                <key>className</key>
                <string>PTModelSprite</string>
                <key>Name</key>
                <dict>
                    <key>value</key>
                    <string>Run__005</string>
                </dict>
                <key>pos</key>
                <string>{356.00,901.00}</string>
                <key>offset</key>
                <string>{34.00,15.00}</string>
                <key>size</key>
                <string>{326.00,425.00}</string>
                <key>sourceSize</key>
                <string>{363.00,458.00}</string>
                <key>sourceRect</key>
                <string>{{34.00,15.00},{326.00,425.00}}</string>
            </dict>
            <dict>
                <key>id</key>
                <string>1866</string>
                <key>className</key>
                <string>PTModelSprite</string>
                <key>Name</key>
                <dict>
                    <key>value</key>
                    <string>Run__006</string>
                </dict>
                <key>pos</key>
                <string>{881.00,0.00}</string>
                <key>offset</key>
                <string>{31.00,9.00}</string>
                <key>size</key>
                <string>{321.00,446.00}</string>
                <key>sourceSize</key>
                <string>{363.00,458.00}</string>
                <key>sourceRect</key>
                <string>{{31.00,9.00},{321.00,446.00}}</string>
            </dict>
            <dict>
                <key>id</key>
                <string>1867</string>
                <key>className</key>
                <string>PTModelSprite</string>
                <key>Name</key>
                <dict>
                    <key>value</key>
                    <string>Run__007</string>
                </dict>
                <key>pos</key>
                <string>{1439.00,465.00}</string>
                <key>offset</key>
                <string>{29.00,5.00}</string>
                <key>size</key>
                <string>{314.00,429.00}</string>
                <key>sourceSize</key>
                <string>{363.00,458.00}</string>
                <key>sourceRect</key>
                <string>{{29.00,5.00},{314.00,429.00}}</string>
            </dict>
            <dict>
                <key>id</key>
                <string>1868</string>
                <key>className</key>
                <string>PTModelSprite</string>
                <key>Name</key>
                <dict>
                    <key>value</key>
                    <string>Run__008</string>
                </dict>
                <key>pos</key>
                <string>{0.00,1330.00}</string>
                <key>offset</key>
                <string>{30.00,7.00}</string>
                <key>size</key>
                <string>{316.00,403.00}</string>
                <key>sourceSize</key>
                <string>{363.00,458.00}</string>
                <key>sourceRect</key>
                <string>{{30.00,7.00},{316.00,403.00}}</string>
            </dict>
            <dict>
                <key>id</key>
                <string>1885</string>
                <key>className</key>
                <string>PTModelSprite</string>
                <key>Name</key>
                <dict>
                    <key>value</key>
                    <string>Dead__009</string>
                </dict>
                <key>pos</key>
                <string>{0.00,1653.00}</string>
                <key>offset</key>
                <string>{9.00,223.00}</string>
                <key>size</key>
                <string>{440.00,257.00}</string>
                <key>sourceSize</key>
                <string>{482.00,498.00}</string>
                <key>sourceRect</key>
                <string>{{9.00,223.00},{440.00,257.00}}</string>
            </dict>
            <dict>
                <key>id</key>
                <string>1886</string>
                <key>className</key>
                <string>PTModelSprite</string>
                <key>Name</key>
                <dict>
                    <key>value</key>
                    <string>Dead__000</string>
                </dict>
                <key>pos</key>
                <string>{0.00,1147.00}</string>
                <key>offset</key>
                <string>{20.00,17.00}</string>
                <key>size</key>
                <string>{232.00,450.00}</string>
                <key>sourceSize</key>
                <string>{482.00,498.00}</string>
                <key>sourceRect</key>
                <string>{{20.00,17.00},{232.00,450.00}}</string>
            </dict>
            <dict>
                <key>id</key>
                <string>1887</string>
                <key>className</key>
                <string>PTModelSprite</string>
                <key>Name</key>
                <dict>
                    <key>value</key>
                    <string>Dead__001</string>
                </dict>
                <key>pos</key>
                <string>{1529.00,0.00}</string>
                <key>offset</key>
                <string>{8.00,43.00}</string>
                <key>size</key>
                <string>{264.00,433.00}</string>
                <key>sourceSize</key>
                <string>{482.00,498.00}</string>
                <key>sourceRect</key>
                <string>{{8.00,43.00},{264.00,433.00}}</string>
            </dict>
            <dict>
                <key>id</key>
                <string>1888</string>
                <key>className</key>
                <string>PTModelSprite</string>
                <key>Name</key>
                <dict>
                    <key>value</key>
                    <string>Dead__002</string>
                </dict>
                <key>pos</key>
                <string>{1101.00,465.00}</string>
                <key>offset</key>
                <string>{11.00,67.00}</string>
                <key>size</key>
                <string>{334.00,430.00}</string>
                <key>sourceSize</key>
                <string>{482.00,498.00}</string>
                <key>sourceRect</key>
                <string>{{11.00,67.00},{334.00,430.00}}</string>
            </dict>
            <dict>
                <key>id</key>
                <string>1889</string>
                <key>className</key>
                <string>PTModelSprite</string>
                <key>Name</key>
                <dict>
                    <key>value</key>
                    <string>Dead__003</string>
                </dict>
                <key>pos</key>
                <string>{320.00,1330.00}</string>
                <key>offset</key>
                <string>{26.00,121.00}</string>
                <key>size</key>
                <string>{377.00,368.00}</string>
                <key>sourceSize</key>
                <string>{482.00,498.00}</string>
                <key>sourceRect</key>
                <string>{{26.00,121.00},{377.00,368.00}}</string>
            </dict>
            <dict>
                <key>id</key>
                <string>1890</string>
                <key>className</key>
                <string>PTModelSprite</string>
                <key>Name</key>
                <dict>
                    <key>value</key>
                    <string>Dead__004</string>
                </dict>
                <key>pos</key>
                <string>{701.00,1330.00}</string>
                <key>offset</key>
                <string>{18.00,180.00}</string>
                <key>size</key>
                <string>{417.00,298.00}</string>
                <key>sourceSize</key>
                <string>{482.00,498.00}</string>
                <key>sourceRect</key>
                <string>{{18.00,180.00},{417.00,298.00}}</string>
            </dict>
            <dict>
                <key>id</key>
                <string>1891</string>
                <key>className</key>
                <string>PTModelSprite</string>
                <key>Name</key>
                <dict>
                    <key>value</key>
                    <string>Dead__005</string>
                </dict>
                <key>pos</key>
                <string>{1122.00,1330.00}</string>
                <key>offset</key>
                <string>{16.00,203.00}</string>
                <key>size</key>
                <string>{434.00,279.00}</string>
                <key>sourceSize</key>
                <string>{482.00,498.00}</string>
                <key>sourceRect</key>
                <string>{{16.00,203.00},{434.00,279.00}}</string>
            </dict>
            <dict>
                <key>id</key>
                <string>1892</string>
                <key>className</key>
                <string>PTModelSprite</string>
                <key>Name</key>
                <dict>
                    <key>value</key>
                    <string>Dead__006</string>
                </dict>
                <key>pos</key>
                <string>{0.00,1737.00}</string>
                <key>offset</key>
                <string>{9.00,223.00}</string>
                <key>size</key>
                <string>{440.00,257.00}</string>
                <key>sourceSize</key>
                <string>{482.00,498.00}</string>
                <key>sourceRect</key>
                <string>{{9.00,223.00},{440.00,257.00}}</string>
            </dict>
            <dict>
                <key>id</key>
                <string>1893</string>
                <key>className</key>
                <string>PTModelSprite</string>
                <key>Name</key>
                <dict>
                    <key>value</key>
                    <string>Dead__007</string>
                </dict>
                <key>pos</key>
                <string>{1560.00,1330.00}</string>
                <key>offset</key>
                <string>{9.00,223.00}</string>
                <key>size</key>
                <string>{440.00,257.00}</string>
                <key>sourceSize</key>
                <string>{482.00,498.00}</string>
                <key>sourceRect</key>
                <string>{{9.00,223.00},{440.00,257.00}}</string>
            </dict>
            <dict>
                <key>id</key>
                <string>1894</string>
                <key>className</key>
                <string>PTModelSprite</string>
                <key>Name</key>
                <dict>
                    <key>value</key>
                    <string>Dead__008</string>
                </dict>
                <key>pos</key>
                <string>{444.00,1737.00}</string>
                <key>offset</key>
                <string>{9.00,223.00}</string>
                <key>size</key>
                <string>{440.00,257.00}</string>
                <key>sourceSize</key>
                <string>{482.00,498.00}</string>
                <key>sourceRect</key>
                <string>{{9.00,223.00},{440.00,257.00}}</string>
            </dict>
            <dict>
                <key>id</key>
                <string>1992</string>
                <key>className</key>
                <string>PTModelSprite</string>
                <key>Name</key>
                <dict>
                    <key>value</key>
                    <string>Idle (1)</string>
                </dict>
                <key>pos</key>
                <string>{270.00,0.00}</string>
                <key>offset</key>
                <string>{73.00,49.00}</string>
                <key>size</key>
                <string>{282.00,458.00}</string>
                <key>sourceSize</key>
                <string>{430.00,519.00}</string>
                <key>sourceRect</key>
                <string>{{73.00,49.00},{282.00,458.00}}</string>
            </dict>
            <dict>
                <key>id</key>
                <string>2044</string>
                <key>className</key>
                <string>PTModelSprite</string>
                <key>Name</key>
                <dict>
                    <key>value</key>
                    <string>Wheel (1)</string>
                </dict>
                <key>pos</key>
                <string>{1846.00,0.00}</string>
                <key>offset</key>
                <string>{0.00,0.00}</string>
                <key>size</key>
                <string>{187.00,187.00}</string>
                <key>sourceSize</key>
                <string>{187.00,187.00}</string>
                <key>sourceRect</key>
                <string>{{0.00,0.00},{187.00,187.00}}</string>
            </dict>
            <dict>
                <key>id</key>
                <string>2085</string>
                <key>className</key>
                <string>PTModelSprite</string>
                <key>Name</key>
                <dict>
                    <key>value</key>
                    <string>emitter</string>
                </dict>
                <key>pos</key>
                <string>{0.00,0.00}</string>
                <key>offset</key>
                <string>{0.00,0.00}</string>
                <key>size</key>
                <string>{0.00,0.00}</string>
                <key>sourceSize</key>
                <string>{35.00,31.00}</string>
                <key>sourceRect</key>
                <string>{{0.00,0.00},{0.00,0.00}}</string>
            </dict>
            <dict>
                <key>id</key>
                <string>2114</string>
                <key>className</key>
                <string>PTModelSprite</string>
                <key>Name</key>
                <dict>
                    <key>value</key>
                    <string>brick-1</string>
                </dict>
                <key>pos</key>
                <string>{1980.00,368.00}</string>
                <key>offset</key>
                <string>{0.00,0.00}</string>
                <key>size</key>
                <string>{32.00,32.00}</string>
                <key>sourceSize</key>
                <string>{32.00,32.00}</string>
                <key>sourceRect</key>
                <string>{{0.00,0.00},{32.00,32.00}}</string>
            </dict>
            <dict>
                <key>id</key>
                <string>2134</string>
                <key>className</key>
                <string>PTModelSprite</string>
                <key>Name</key>
                <dict>
                    <key>value</key>
                    <string>coin6</string>
                </dict>
                <key>pos</key>
                <string>{1860.00,1211.00}</string>
                <key>offset</key>
                <string>{5.00,1.00}</string>
                <key>size</key>
                <string>{143.00,150.00}</string>
                <key>sourceSize</key>
                <string>{150.00,152.00}</string>
                <key>sourceRect</key>
                <string>{{5.00,1.00},{143.00,150.00}}</string>
            </dict>
            <dict>
                <key>id</key>
                <string>2135</string>
                <key>className</key>
                <string>PTModelSprite</string>
                <key>Name</key>
                <dict>
                    <key>value</key>
                    <string>coin1</string>
                </dict>
                <key>pos</key>
                <string>{1883.00,443.00}</string>
                <key>offset</key>
                <string>{0.00,0.00}</string>
                <key>size</key>
                <string>{153.00,152.00}</string>
                <key>sourceSize</key>
                <string>{154.00,152.00}</string>
                <key>sourceRect</key>
                <string>{{0.00,0.00},{153.00,152.00}}</string>
            </dict>
            <dict>
                <key>id</key>
                <string>2136</string>
                <key>className</key>
                <string>PTModelSprite</string>
                <key>Name</key>
                <dict>
                    <key>value</key>
                    <string>coin2</string>
                </dict>
                <key>pos</key>
                <string>{1797.00,0.00}</string>
                <key>offset</key>
                <string>{7.00,0.00}</string>
                <key>size</key>
                <string>{143.00,151.00}</string>
                <key>sourceSize</key>
                <string>{156.00,156.00}</string>
                <key>sourceRect</key>
                <string>{{7.00,0.00},{143.00,151.00}}</string>
            </dict>
            <dict>
                <key>id</key>
                <string>2137</string>
                <key>className</key>
                <string>PTModelSprite</string>
                <key>Name</key>
                <dict>
                    <key>value</key>
                    <string>coin3</string>
                </dict>
                <key>pos</key>
                <string>{1797.00,155.00}</string>
                <key>offset</key>
                <string>{12.00,2.00}</string>
                <key>size</key>
                <string>{128.00,151.00}</string>
                <key>sourceSize</key>
                <string>{156.00,158.00}</string>
                <key>sourceRect</key>
                <string>{{12.00,2.00},{128.00,151.00}}</string>
            </dict>
            <dict>
                <key>id</key>
                <string>2138</string>
                <key>className</key>
                <string>PTModelSprite</string>
                <key>Name</key>
                <dict>
                    <key>value</key>
                    <string>coin4</string>
                </dict>
                <key>pos</key>
                <string>{2004.00,644.00}</string>
                <key>offset</key>
                <string>{65.00,1.00}</string>
                <key>size</key>
                <string>{19.00,150.00}</string>
                <key>sourceSize</key>
                <string>{150.00,152.00}</string>
                <key>sourceRect</key>
                <string>{{65.00,1.00},{19.00,150.00}}</string>
            </dict>
            <dict>
                <key>id</key>
                <string>2139</string>
                <key>className</key>
                <string>PTModelSprite</string>
                <key>Name</key>
                <dict>
                    <key>value</key>
                    <string>coin5</string>
                </dict>
                <key>pos</key>
                <string>{888.00,1737.00}</string>
                <key>offset</key>
                <string>{13.00,1.00}</string>
                <key>size</key>
                <string>{128.00,151.00}</string>
                <key>sourceSize</key>
                <string>{150.00,152.00}</string>
                <key>sourceRect</key>
                <string>{{13.00,1.00},{128.00,151.00}}</string>
            </dict>
            <dict>
                <key>id</key>
                <string>2167</string>
                <key>className</key>
                <string>PTModelSprite</string>
                <key>Name</key>
                <dict>
                    <key>value</key>
                    <string>image 17</string>
                </dict>
                <key>pos</key>
                <string>{1622.00,1448.00}</string>
                <key>offset</key>
                <string>{0.00,0.00}</string>
                <key>size</key>
                <string>{128.00,128.00}</string>
                <key>sourceSize</key>
                <string>{128.00,128.00}</string>
                <key>sourceRect</key>
                <string>{{0.00,0.00},{128.00,128.00}}</string>
            </dict>
            <dict>
                <key>id</key>
                <string>2168</string>
                <key>className</key>
                <string>PTModelSprite</string>
                <key>Name</key>
                <dict>
                    <key>value</key>
                    <string>image 1</string>
                </dict>
                <key>pos</key>
                <string>{1152.00,1737.00}</string>
                <key>offset</key>
                <string>{0.00,0.00}</string>
                <key>size</key>
                <string>{128.00,128.00}</string>
                <key>sourceSize</key>
                <string>{128.00,128.00}</string>
                <key>sourceRect</key>
                <string>{{0.00,0.00},{128.00,128.00}}</string>
            </dict>
            <dict>
                <key>id</key>
                <string>2169</string>
                <key>className</key>
                <string>PTModelSprite</string>
                <key>Name</key>
                <dict>
                    <key>value</key>
                    <string>image 2</string>
                </dict>
                <key>pos</key>
                <string>{1284.00,1737.00}</string>
                <key>offset</key>
                <string>{0.00,0.00}</string>
                <key>size</key>
                <string>{128.00,128.00}</string>
                <key>sourceSize</key>
                <string>{128.00,128.00}</string>
                <key>sourceRect</key>
                <string>{{0.00,0.00},{128.00,128.00}}</string>
            </dict>
            <dict>
                <key>id</key>
                <string>2170</string>
                <key>className</key>
                <string>PTModelSprite</string>
                <key>Name</key>
                <dict>
                    <key>value</key>
                    <string>image 3</string>
                </dict>
                <key>pos</key>
                <string>{1416.00,1737.00}</string>
                <key>offset</key>
                <string>{0.00,0.00}</string>
                <key>size</key>
                <string>{128.00,128.00}</string>
                <key>sourceSize</key>
                <string>{128.00,128.00}</string>
                <key>sourceRect</key>
                <string>{{0.00,0.00},{128.00,128.00}}</string>
            </dict>
            <dict>
                <key>id</key>
                <string>2171</string>
                <key>className</key>
                <string>PTModelSprite</string>
                <key>Name</key>
                <dict>
                    <key>value</key>
                    <string>image 4</string>
                </dict>
                <key>pos</key>
                <string>{1548.00,1737.00}</string>
                <key>offset</key>
                <string>{0.00,0.00}</string>
                <key>size</key>
                <string>{128.00,128.00}</string>
                <key>sourceSize</key>
                <string>{128.00,128.00}</string>
                <key>sourceRect</key>
                <string>{{0.00,0.00},{128.00,128.00}}</string>
            </dict>
            <dict>
                <key>id</key>
                <string>2172</string>
                <key>className</key>
                <string>PTModelSprite</string>
                <key>Name</key>
                <dict>
                    <key>value</key>
                    <string>image 5</string>
                </dict>
                <key>pos</key>
                <string>{1680.00,1737.00}</string>
                <key>offset</key>
                <string>{0.00,0.00}</string>
                <key>size</key>
                <string>{128.00,128.00}</string>
                <key>sourceSize</key>
                <string>{128.00,128.00}</string>
                <key>sourceRect</key>
                <string>{{0.00,0.00},{128.00,128.00}}</string>
            </dict>
            <dict>
                <key>id</key>
                <string>2173</string>
                <key>className</key>
                <string>PTModelSprite</string>
                <key>Name</key>
                <dict>
                    <key>value</key>
                    <string>image 6</string>
                </dict>
                <key>pos</key>
                <string>{1812.00,1737.00}</string>
                <key>offset</key>
                <string>{0.00,0.00}</string>
                <key>size</key>
                <string>{128.00,128.00}</string>
                <key>sourceSize</key>
                <string>{128.00,128.00}</string>
                <key>sourceRect</key>
                <string>{{0.00,0.00},{128.00,128.00}}</string>
            </dict>
            <dict>
                <key>id</key>
                <string>2174</string>
                <key>className</key>
                <string>PTModelSprite</string>
                <key>Name</key>
                <dict>
                    <key>value</key>
                    <string>image 7</string>
                </dict>
                <key>pos</key>
                <string>{1020.00,1737.00}</string>
                <key>offset</key>
                <string>{0.00,0.00}</string>
                <key>size</key>
                <string>{128.00,128.00}</string>
                <key>sourceSize</key>
                <string>{128.00,128.00}</string>
                <key>sourceRect</key>
                <string>{{0.00,0.00},{128.00,128.00}}</string>
            </dict>
            <dict>
                <key>id</key>
                <string>2175</string>
                <key>className</key>
                <string>PTModelSprite</string>
                <key>Name</key>
                <dict>
                    <key>value</key>
                    <string>image 8</string>
                </dict>
                <key>pos</key>
                <string>{1913.00,0.00}</string>
                <key>offset</key>
                <string>{0.00,0.00}</string>
                <key>size</key>
                <string>{128.00,128.00}</string>
                <key>sourceSize</key>
                <string>{128.00,128.00}</string>
                <key>sourceRect</key>
                <string>{{0.00,0.00},{128.00,128.00}}</string>
            </dict>
            <dict>
                <key>id</key>
                <string>2177</string>
                <key>className</key>
                <string>PTModelSprite</string>
                <key>Name</key>
                <dict>
                    <key>value</key>
                    <string>image 9</string>
                </dict>
                <key>pos</key>
                <string>{1781.00,0.00}</string>
                <key>offset</key>
                <string>{0.00,0.00}</string>
                <key>size</key>
                <string>{128.00,128.00}</string>
                <key>sourceSize</key>
                <string>{128.00,128.00}</string>
                <key>sourceRect</key>
                <string>{{0.00,0.00},{128.00,128.00}}</string>
            </dict>
            <dict>
                <key>id</key>
                <string>2178</string>
                <key>className</key>
                <string>PTModelSprite</string>
                <key>Name</key>
                <dict>
                    <key>value</key>
                    <string>image 10</string>
                </dict>
                <key>pos</key>
                <string>{1649.00,0.00}</string>
                <key>offset</key>
                <string>{0.00,0.00}</string>
                <key>size</key>
                <string>{128.00,128.00}</string>
                <key>sourceSize</key>
                <string>{128.00,128.00}</string>
                <key>sourceRect</key>
                <string>{{0.00,0.00},{128.00,128.00}}</string>
            </dict>
            <dict>
                <key>id</key>
                <string>2179</string>
                <key>className</key>
                <string>PTModelSprite</string>
                <key>Name</key>
                <dict>
                    <key>value</key>
                    <string>image 11</string>
                </dict>
                <key>pos</key>
                <string>{1517.00,0.00}</string>
                <key>offset</key>
                <string>{0.00,0.00}</string>
                <key>size</key>
                <string>{128.00,128.00}</string>
                <key>sourceSize</key>
                <string>{128.00,128.00}</string>
                <key>sourceRect</key>
                <string>{{0.00,0.00},{128.00,128.00}}</string>
            </dict>
            <dict>
                <key>id</key>
                <string>2180</string>
                <key>className</key>
                <string>PTModelSprite</string>
                <key>Name</key>
                <dict>
                    <key>value</key>
                    <string>image 12</string>
                </dict>
                <key>pos</key>
                <string>{1385.00,0.00}</string>
                <key>offset</key>
                <string>{0.00,0.00}</string>
                <key>size</key>
                <string>{128.00,128.00}</string>
                <key>sourceSize</key>
                <string>{128.00,128.00}</string>
                <key>sourceRect</key>
                <string>{{0.00,0.00},{128.00,128.00}}</string>
            </dict>
            <dict>
                <key>id</key>
                <string>2181</string>
                <key>className</key>
                <string>PTModelSprite</string>
                <key>Name</key>
                <dict>
                    <key>value</key>
                    <string>image 13</string>
                </dict>
                <key>pos</key>
                <string>{1253.00,0.00}</string>
                <key>offset</key>
                <string>{0.00,0.00}</string>
                <key>size</key>
                <string>{128.00,128.00}</string>
                <key>sourceSize</key>
                <string>{128.00,128.00}</string>
                <key>sourceRect</key>
                <string>{{0.00,0.00},{128.00,128.00}}</string>
            </dict>
            <dict>
                <key>id</key>
                <string>2182</string>
                <key>className</key>
                <string>PTModelSprite</string>
                <key>Name</key>
                <dict>
                    <key>value</key>
                    <string>image 14</string>
                </dict>
                <key>pos</key>
                <string>{1121.00,0.00}</string>
                <key>offset</key>
                <string>{0.00,0.00}</string>
                <key>size</key>
                <string>{128.00,128.00}</string>
                <key>sourceSize</key>
                <string>{128.00,128.00}</string>
                <key>sourceRect</key>
                <string>{{0.00,0.00},{128.00,128.00}}</string>
            </dict>
            <dict>
                <key>id</key>
                <string>2183</string>
                <key>className</key>
                <string>PTModelSprite</string>
                <key>Name</key>
                <dict>
                    <key>value</key>
                    <string>image 15</string>
                </dict>
                <key>pos</key>
                <string>{989.00,0.00}</string>
                <key>offset</key>
                <string>{0.00,0.00}</string>
                <key>size</key>
                <string>{128.00,128.00}</string>
                <key>sourceSize</key>
                <string>{128.00,128.00}</string>
                <key>sourceRect</key>
                <string>{{0.00,0.00},{128.00,128.00}}</string>
            </dict>
            <dict>
                <key>id</key>
                <string>2184</string>
                <key>className</key>
                <string>PTModelSprite</string>
                <key>Name</key>
                <dict>
                    <key>value</key>
                    <string>image 16</string>
                </dict>
                <key>pos</key>
                <string>{857.00,0.00}</string>
                <key>offset</key>
                <string>{0.00,0.00}</string>
                <key>size</key>
                <string>{128.00,128.00}</string>
                <key>sourceSize</key>
                <string>{128.00,128.00}</string>
                <key>sourceRect</key>
                <string>{{0.00,0.00},{128.00,128.00}}</string>
            </dict>
            <dict>
                <key>id</key>
                <string>2271</string>
                <key>className</key>
                <string>PTModelSprite</string>
                <key>Name</key>
                <dict>
                    <key>value</key>
                    <string>Jump__009</string>
                </dict>
                <key>pos</key>
                <string>{1655.00,1601.00}</string>
                <key>offset</key>
                <string>{6.00,17.00}</string>
                <key>size</key>
                <string>{329.00,412.00}</string>
                <key>sourceSize</key>
                <string>{362.00,483.00}</string>
                <key>sourceRect</key>
                <string>{{6.00,17.00},{329.00,412.00}}</string>
            </dict>
            <dict>
                <key>id</key>
                <string>2272</string>
                <key>className</key>
                <string>PTModelSprite</string>
                <key>Name</key>
                <dict>
                    <key>value</key>
                    <string>Jump__000</string>
                </dict>
                <key>pos</key>
                <string>{606.00,1601.00}</string>
                <key>offset</key>
                <string>{63.00,31.00}</string>
                <key>size</key>
                <string>{282.00,437.00}</string>
                <key>sourceSize</key>
                <string>{362.00,483.00}</string>
                <key>sourceRect</key>
                <string>{{63.00,31.00},{282.00,437.00}}</string>
            </dict>
            <dict>
                <key>id</key>
                <string>2273</string>
                <key>className</key>
                <string>PTModelSprite</string>
                <key>Name</key>
                <dict>
                    <key>value</key>
                    <string>Jump__001</string>
                </dict>
                <key>pos</key>
                <string>{0.00,0.00}</string>
                <key>offset</key>
                <string>{55.00,21.00}</string>
                <key>size</key>
                <string>{266.00,461.00}</string>
                <key>sourceSize</key>
                <string>{362.00,483.00}</string>
                <key>sourceRect</key>
                <string>{{55.00,21.00},{266.00,461.00}}</string>
            </dict>
            <dict>
                <key>id</key>
                <string>2274</string>
                <key>className</key>
                <string>PTModelSprite</string>
                <key>Name</key>
                <dict>
                    <key>value</key>
                    <string>Jump__002</string>
                </dict>
                <key>pos</key>
                <string>{1137.00,1601.00}</string>
                <key>offset</key>
                <string>{44.00,19.00}</string>
                <key>size</key>
                <string>{253.00,433.00}</string>
                <key>sourceSize</key>
                <string>{362.00,483.00}</string>
                <key>sourceRect</key>
                <string>{{44.00,19.00},{253.00,433.00}}</string>
            </dict>
            <dict>
                <key>id</key>
                <string>2275</string>
                <key>className</key>
                <string>PTModelSprite</string>
                <key>Name</key>
                <dict>
                    <key>value</key>
                    <string>Jump__003</string>
                </dict>
                <key>pos</key>
                <string>{514.00,465.00}</string>
                <key>offset</key>
                <string>{43.00,19.00}</string>
                <key>size</key>
                <string>{253.00,432.00}</string>
                <key>sourceSize</key>
                <string>{362.00,483.00}</string>
                <key>sourceRect</key>
                <string>{{43.00,19.00},{253.00,432.00}}</string>
            </dict>
            <dict>
                <key>id</key>
                <string>2276</string>
                <key>className</key>
                <string>PTModelSprite</string>
                <key>Name</key>
                <dict>
                    <key>value</key>
                    <string>Jump__004</string>
                </dict>
                <key>pos</key>
                <string>{257.00,465.00}</string>
                <key>offset</key>
                <string>{43.00,19.00}</string>
                <key>size</key>
                <string>{253.00,432.00}</string>
                <key>sourceSize</key>
                <string>{362.00,483.00}</string>
                <key>sourceRect</key>
                <string>{{43.00,19.00},{253.00,432.00}}</string>
            </dict>
            <dict>
                <key>id</key>
                <string>2277</string>
                <key>className</key>
                <string>PTModelSprite</string>
                <key>Name</key>
                <dict>
                    <key>value</key>
                    <string>Jump__005</string>
                </dict>
                <key>pos</key>
                <string>{0.00,465.00}</string>
                <key>offset</key>
                <string>{43.00,19.00}</string>
                <key>size</key>
                <string>{253.00,432.00}</string>
                <key>sourceSize</key>
                <string>{362.00,483.00}</string>
                <key>sourceRect</key>
                <string>{{43.00,19.00},{253.00,432.00}}</string>
            </dict>
            <dict>
                <key>id</key>
                <string>2278</string>
                <key>className</key>
                <string>PTModelSprite</string>
                <key>Name</key>
                <dict>
                    <key>value</key>
                    <string>Jump__006</string>
                </dict>
                <key>pos</key>
                <string>{1757.00,465.00}</string>
                <key>offset</key>
                <string>{42.00,19.00}</string>
                <key>size</key>
                <string>{274.00,425.00}</string>
                <key>sourceSize</key>
                <string>{362.00,483.00}</string>
                <key>sourceRect</key>
                <string>{{42.00,19.00},{274.00,425.00}}</string>
            </dict>
            <dict>
                <key>id</key>
                <string>2279</string>
                <key>className</key>
                <string>PTModelSprite</string>
                <key>Name</key>
                <dict>
                    <key>value</key>
                    <string>Jump__007</string>
                </dict>
                <key>pos</key>
                <string>{1016.00,901.00}</string>
                <key>offset</key>
                <string>{21.00,17.00}</string>
                <key>size</key>
                <string>{301.00,420.00}</string>
                <key>sourceSize</key>
                <string>{362.00,483.00}</string>
                <key>sourceRect</key>
                <string>{{21.00,17.00},{301.00,420.00}}</string>
            </dict>
            <dict>
                <key>id</key>
                <string>2280</string>
                <key>className</key>
                <string>PTModelSprite</string>
                <key>Name</key>
                <dict>
                    <key>value</key>
                    <string>Jump__008</string>
                </dict>
                <key>pos</key>
                <string>{1676.00,901.00}</string>
                <key>offset</key>
                <string>{6.00,17.00}</string>
                <key>size</key>
                <string>{329.00,412.00}</string>
                <key>sourceSize</key>
                <string>{362.00,483.00}</string>
                <key>sourceRect</key>
                <string>{{6.00,17.00},{329.00,412.00}}</string>
            </dict>
            <dict>
                <key>id</key>
                <string>2332</string>
                <key>className</key>
                <string>PTModelSprite</string>
                <key>Name</key>
                <dict>
                    <key>value</key>
                    <string>Crate</string>
                </dict>
                <key>pos</key>
                <string>{1929.00,155.00}</string>
                <key>offset</key>
                <string>{0.00,0.00}</string>
                <key>size</key>
                <string>{106.00,106.00}</string>
                <key>sourceSize</key>
                <string>{106.00,106.00}</string>
                <key>sourceRect</key>
                <string>{{0.00,0.00},{106.00,106.00}}</string>
            </dict>
            <dict>
                <key>id</key>
                <string>2480</string>
                <key>className</key>
                <string>PTModelSprite</string>
                <key>Name</key>
                <dict>
                    <key>value</key>
                    <string>download1</string>
                </dict>
                <key>pos</key>
                <string>{505.00,0.00}</string>
                <key>offset</key>
                <string>{0.00,0.00}</string>
                <key>size</key>
                <string>{348.00,145.00}</string>
                <key>sourceSize</key>
                <string>{348.00,145.00}</string>
                <key>sourceRect</key>
                <string>{{0.00,0.00},{348.00,145.00}}</string>
            </dict>
            <dict>
                <key>id</key>
                <string>2485</string>
                <key>className</key>
                <string>PTModelSprite</string>
                <key>Name</key>
                <dict>
                    <key>value</key>
                    <string>images</string>
                </dict>
                <key>pos</key>
                <string>{0.00,0.00}</string>
                <key>offset</key>
                <string>{0.00,0.00}</string>
                <key>size</key>
                <string>{197.00,255.00}</string>
                <key>sourceSize</key>
                <string>{197.00,255.00}</string>
                <key>sourceRect</key>
                <string>{{0.00,0.00},{197.00,255.00}}</string>
            </dict>
            <dict>
                <key>id</key>
                <string>2491</string>
                <key>className</key>
                <string>PTModelSprite</string>
                <key>Name</key>
                <dict>
                    <key>value</key>
                    <string>11images (1)</string>
                </dict>
                <key>pos</key>
                <string>{201.00,0.00}</string>
                <key>offset</key>
                <string>{0.00,0.00}</string>
                <key>size</key>
                <string>{300.00,168.00}</string>
                <key>sourceSize</key>
                <string>{300.00,168.00}</string>
                <key>sourceRect</key>
                <string>{{0.00,0.00},{300.00,168.00}}</string>
            </dict>
        </array>
    </dict>
</plist>
