<?xml version="1.0" encoding="UTF-8"?>
<!DOCTYPE plist PUBLIC "-//Apple//DTD PLIST 1.0//EN" "http://www.apple.com/DTDs/PropertyList-1.0.dtd"/>

<plist version="1.0">
    <dict>
        <key>ROOT</key>
        <array>
            <dict>
                <key>id</key>
                <string>113</string>
                <key>children</key>
                <array>
                    <string>114</string>
                </array>
            </dict>
            <dict>
                <key>id</key>
                <string>130</string>
                <key>children</key>
                <array>
                    <string>447</string>
                </array>
            </dict>
            <dict>
                <key>id</key>
                <string>154</string>
                <key>children</key>
                <array>
                    <string>155</string>
                </array>
            </dict>
            <dict>
                <key>id</key>
                <string>345</string>
                <key>children</key>
                <array>
                    <string>346</string>
                </array>
            </dict>
            <dict>
                <key>id</key>
                <string>403</string>
                <key>children</key>
                <array/>
            </dict>
            <dict>
                <key>id</key>
                <string>812</string>
                <key>children</key>
                <array/>
            </dict>
            <dict>
                <key>id</key>
                <string>838</string>
                <key>children</key>
                <array/>
            </dict>
            <dict>
                <key>id</key>
                <string>849</string>
                <key>children</key>
                <array/>
            </dict>
            <dict>
                <key>id</key>
                <string>865</string>
                <key>children</key>
                <array/>
            </dict>
            <dict>
                <key>id</key>
                <string>979</string>
                <key>children</key>
                <array>
                    <string>984</string>
                </array>
            </dict>
            <dict>
                <key>id</key>
                <string>1167</string>
                <key>children</key>
                <array/>
            </dict>
            <dict>
                <key>id</key>
                <string>1174</string>
                <key>children</key>
                <array/>
            </dict>
            <dict>
                <key>id</key>
                <string>1692</string>
                <key>children</key>
                <array>
                    <string>1693</string>
                </array>
            </dict>
            <dict>
                <key>id</key>
                <string>1786</string>
                <key>children</key>
                <array>
                    <string>1787</string>
                </array>
            </dict>
            <dict>
                <key>id</key>
                <string>1819</string>
                <key>children</key>
                <array>
                    <string>1820</string>
                </array>
            </dict>
            <dict>
                <key>id</key>
                <string>1827</string>
                <key>children</key>
                <array>
                    <string>1828</string>
                </array>
            </dict>
            <dict>
                <key>id</key>
                <string>1854</string>
                <key>children</key>
                <array>
                    <string>2292</string>
                </array>
            </dict>
            <dict>
                <key>id</key>
                <string>1880</string>
                <key>children</key>
                <array>
                    <string>1881</string>
                </array>
            </dict>
            <dict>
                <key>id</key>
                <string>1906</string>
                <key>children</key>
                <array>
                    <string>1907</string>
                </array>
            </dict>
            <dict>
                <key>id</key>
                <string>1913</string>
                <key>children</key>
                <array>
                    <string>1914</string>
                </array>
            </dict>
            <dict>
                <key>id</key>
                <string>1922</string>
                <key>children</key>
                <array>
                    <string>1923</string>
                </array>
            </dict>
            <dict>
                <key>id</key>
                <string>1931</string>
                <key>children</key>
                <array>
                    <string>1932</string>
                </array>
            </dict>
            <dict>
                <key>id</key>
                <string>1940</string>
                <key>children</key>
                <array>
                    <string>1941</string>
                </array>
            </dict>
            <dict>
                <key>id</key>
                <string>1949</string>
                <key>children</key>
                <array>
                    <string>1950</string>
                </array>
            </dict>
            <dict>
                <key>id</key>
                <string>1958</string>
                <key>children</key>
                <array>
                    <string>1959</string>
                </array>
            </dict>
            <dict>
                <key>id</key>
                <string>1967</string>
                <key>children</key>
                <array>
                    <string>1968</string>
                </array>
            </dict>
            <dict>
                <key>id</key>
                <string>1976</string>
                <key>children</key>
                <array>
                    <string>1977</string>
                </array>
            </dict>
            <dict>
                <key>id</key>
                <string>1995</string>
                <key>children</key>
                <array>
                    <string>1996</string>
                </array>
            </dict>
            <dict>
                <key>id</key>
                <string>2014</string>
                <key>children</key>
                <array>
                    <string>2015</string>
                </array>
            </dict>
            <dict>
                <key>id</key>
                <string>2023</string>
                <key>children</key>
                <array>
                    <string>2024</string>
                </array>
            </dict>
            <dict>
                <key>id</key>
                <string>2032</string>
                <key>children</key>
                <array>
                    <string>2033</string>
                </array>
            </dict>
            <dict>
                <key>id</key>
                <string>2047</string>
                <key>children</key>
                <array>
                    <string>2048</string>
                </array>
            </dict>
            <dict>
                <key>id</key>
                <string>2057</string>
                <key>children</key>
                <array>
                    <string>2058</string>
                </array>
            </dict>
            <dict>
                <key>id</key>
                <string>2095</string>
                <key>children</key>
                <array>
                    <string>2096</string>
                </array>
            </dict>
            <dict>
                <key>id</key>
                <string>2117</string>
                <key>children</key>
                <array>
                    <string>2118</string>
                </array>
            </dict>
            <dict>
                <key>id</key>
                <string>2127</string>
                <key>children</key>
                <array>
                    <string>2128</string>
                </array>
            </dict>
            <dict>
                <key>id</key>
                <string>2142</string>
                <key>children</key>
                <array>
                    <string>2143</string>
                </array>
            </dict>
            <dict>
                <key>id</key>
                <string>2187</string>
                <key>children</key>
                <array>
                    <string>2188</string>
                </array>
            </dict>
            <dict>
                <key>id</key>
                <string>2260</string>
                <key>children</key>
                <array>
                    <string>2261</string>
                </array>
            </dict>
            <dict>
                <key>id</key>
                <string>2298</string>
                <key>children</key>
                <array>
                    <string>2299</string>
                </array>
            </dict>
            <dict>
                <key>id</key>
                <string>2307</string>
                <key>children</key>
                <array>
                    <string>2308</string>
                </array>
            </dict>
            <dict>
                <key>id</key>
                <string>2316</string>
                <key>children</key>
                <array>
                    <string>2317</string>
                </array>
            </dict>
            <dict>
                <key>id</key>
                <string>2325</string>
                <key>children</key>
                <array>
                    <string>2326</string>
                </array>
            </dict>
            <dict>
                <key>id</key>
                <string>2335</string>
                <key>children</key>
                <array>
                    <string>2336</string>
                </array>
            </dict>
            <dict>
                <key>id</key>
                <string>2347</string>
                <key>children</key>
                <array>
                    <string>2348</string>
                </array>
            </dict>
            <dict>
                <key>id</key>
                <string>2356</string>
                <key>children</key>
                <array>
                    <string>2357</string>
                </array>
            </dict>
            <dict>
                <key>id</key>
                <string>2365</string>
                <key>children</key>
                <array>
                    <string>2366</string>
                </array>
            </dict>
            <dict>
                <key>id</key>
                <string>2374</string>
                <key>children</key>
                <array>
                    <string>2375</string>
                </array>
            </dict>
            <dict>
                <key>id</key>
                <string>2383</string>
                <key>children</key>
                <array>
                    <string>2384</string>
                </array>
            </dict>
            <dict>
                <key>id</key>
                <string>2392</string>
                <key>children</key>
                <array>
                    <string>2393</string>
                </array>
            </dict>
            <dict>
                <key>id</key>
                <string>2429</string>
                <key>children</key>
                <array>
                    <string>2430</string>
                </array>
            </dict>
            <dict>
                <key>id</key>
                <string>2438</string>
                <key>children</key>
                <array>
                    <string>2439</string>
                </array>
            </dict>
            <dict>
                <key>id</key>
                <string>2447</string>
                <key>children</key>
                <array>
                    <string>2448</string>
                </array>
            </dict>
            <dict>
                <key>id</key>
                <string>2457</string>
                <key>children</key>
                <array>
                    <string>2458</string>
                </array>
            </dict>
            <dict>
                <key>id</key>
                <string>2473</string>
                <key>children</key>
                <array>
                    <string>2474</string>
                </array>
            </dict>
            <dict>
                <key>id</key>
                <string>2499</string>
                <key>children</key>
                <array>
                    <string>2500</string>
                </array>
            </dict>
            <dict>
                <key>id</key>
                <string>2508</string>
                <key>children</key>
                <array>
                    <string>2509</string>
                </array>
            </dict>
            <dict>
                <key>id</key>
                <string>2517</string>
                <key>children</key>
                <array>
                    <string>2518</string>
                </array>
            </dict>
            <dict>
                <key>id</key>
                <string>2526</string>
                <key>children</key>
                <array>
                    <string>2527</string>
                </array>
            </dict>
            <dict>
                <key>id</key>
                <string>2535</string>
                <key>children</key>
                <array>
                    <string>2536</string>
                </array>
            </dict>
            <dict>
                <key>id</key>
                <string>2550</string>
                <key>children</key>
                <array>
                    <string>2551</string>
                </array>
            </dict>
            <dict>
                <key>id</key>
                <string>2559</string>
                <key>children</key>
                <array>
                    <string>2560</string>
                </array>
            </dict>
            <dict>
                <key>id</key>
                <string>2568</string>
                <key>children</key>
                <array>
                    <string>2569</string>
                </array>
            </dict>
        </array>
    </dict>
</plist>
