<?xml version="1.0" encoding="UTF-8"?>
<!DOCTYPE plist PUBLIC "-//Apple//DTD PLIST 1.0//EN" "http://www.apple.com/DTDs/PropertyList-1.0.dtd"/>

<plist version="1.0">
    <dict>
        <key>ROOT</key>
        <array>
            <dict>
                <key>id</key>
                <string>106</string>
            </dict>
            <dict>
                <key>id</key>
                <string>110</string>
            </dict>
            <dict>
                <key>id</key>
                <string>121</string>
            </dict>
            <dict>
                <key>id</key>
                <string>151</string>
            </dict>
            <dict>
                <key>id</key>
                <string>342</string>
            </dict>
            <dict>
                <key>id</key>
                <string>442</string>
            </dict>
            <dict>
                <key>id</key>
                <string>992</string>
            </dict>
            <dict>
                <key>id</key>
                <string>1043</string>
            </dict>
            <dict>
                <key>id</key>
                <string>1051</string>
            </dict>
            <dict>
                <key>id</key>
                <string>1187</string>
            </dict>
            <dict>
                <key>id</key>
                <string>1484</string>
            </dict>
            <dict>
                <key>id</key>
                <string>1490</string>
            </dict>
            <dict>
                <key>id</key>
                <string>1502</string>
            </dict>
            <dict>
                <key>id</key>
                <string>1567</string>
            </dict>
            <dict>
                <key>id</key>
                <string>1573</string>
            </dict>
            <dict>
                <key>id</key>
                <string>1576</string>
            </dict>
            <dict>
                <key>id</key>
                <string>1581</string>
            </dict>
            <dict>
                <key>id</key>
                <string>1589</string>
            </dict>
            <dict>
                <key>id</key>
                <string>1591</string>
            </dict>
            <dict>
                <key>id</key>
                <string>1598</string>
            </dict>
            <dict>
                <key>id</key>
                <string>1604</string>
            </dict>
            <dict>
                <key>id</key>
                <string>1610</string>
            </dict>
            <dict>
                <key>id</key>
                <string>1613</string>
            </dict>
            <dict>
                <key>id</key>
                <string>1616</string>
            </dict>
            <dict>
                <key>id</key>
                <string>1619</string>
            </dict>
            <dict>
                <key>id</key>
                <string>1626</string>
            </dict>
            <dict>
                <key>id</key>
                <string>1629</string>
            </dict>
            <dict>
                <key>id</key>
                <string>1660</string>
            </dict>
            <dict>
                <key>id</key>
                <string>1663</string>
            </dict>
            <dict>
                <key>id</key>
                <string>1685</string>
            </dict>
            <dict>
                <key>id</key>
                <string>1689</string>
            </dict>
            <dict>
                <key>id</key>
                <string>1774</string>
            </dict>
            <dict>
                <key>id</key>
                <string>1775</string>
            </dict>
            <dict>
                <key>id</key>
                <string>1776</string>
            </dict>
            <dict>
                <key>id</key>
                <string>1777</string>
            </dict>
            <dict>
                <key>id</key>
                <string>1778</string>
            </dict>
            <dict>
                <key>id</key>
                <string>1779</string>
            </dict>
            <dict>
                <key>id</key>
                <string>1780</string>
            </dict>
            <dict>
                <key>id</key>
                <string>1781</string>
            </dict>
            <dict>
                <key>id</key>
                <string>1782</string>
            </dict>
            <dict>
                <key>id</key>
                <string>1783</string>
            </dict>
            <dict>
                <key>id</key>
                <string>1798</string>
            </dict>
            <dict>
                <key>id</key>
                <string>1799</string>
            </dict>
            <dict>
                <key>id</key>
                <string>1800</string>
            </dict>
            <dict>
                <key>id</key>
                <string>1801</string>
            </dict>
            <dict>
                <key>id</key>
                <string>1802</string>
            </dict>
            <dict>
                <key>id</key>
                <string>1803</string>
            </dict>
            <dict>
                <key>id</key>
                <string>1804</string>
            </dict>
            <dict>
                <key>id</key>
                <string>1805</string>
            </dict>
            <dict>
                <key>id</key>
                <string>1806</string>
            </dict>
            <dict>
                <key>id</key>
                <string>1807</string>
            </dict>
            <dict>
                <key>id</key>
                <string>1824</string>
            </dict>
            <dict>
                <key>id</key>
                <string>1859</string>
            </dict>
            <dict>
                <key>id</key>
                <string>1860</string>
            </dict>
            <dict>
                <key>id</key>
                <string>1861</string>
            </dict>
            <dict>
                <key>id</key>
                <string>1862</string>
            </dict>
            <dict>
                <key>id</key>
                <string>1863</string>
            </dict>
            <dict>
                <key>id</key>
                <string>1864</string>
            </dict>
            <dict>
                <key>id</key>
                <string>1865</string>
            </dict>
            <dict>
                <key>id</key>
                <string>1866</string>
            </dict>
            <dict>
                <key>id</key>
                <string>1867</string>
            </dict>
            <dict>
                <key>id</key>
                <string>1868</string>
            </dict>
            <dict>
                <key>id</key>
                <string>1885</string>
            </dict>
            <dict>
                <key>id</key>
                <string>1886</string>
            </dict>
            <dict>
                <key>id</key>
                <string>1887</string>
            </dict>
            <dict>
                <key>id</key>
                <string>1888</string>
            </dict>
            <dict>
                <key>id</key>
                <string>1889</string>
            </dict>
            <dict>
                <key>id</key>
                <string>1890</string>
            </dict>
            <dict>
                <key>id</key>
                <string>1891</string>
            </dict>
            <dict>
                <key>id</key>
                <string>1892</string>
            </dict>
            <dict>
                <key>id</key>
                <string>1893</string>
            </dict>
            <dict>
                <key>id</key>
                <string>1894</string>
            </dict>
            <dict>
                <key>id</key>
                <string>1992</string>
            </dict>
            <dict>
                <key>id</key>
                <string>2044</string>
            </dict>
            <dict>
                <key>id</key>
                <string>2085</string>
            </dict>
            <dict>
                <key>id</key>
                <string>2114</string>
            </dict>
            <dict>
                <key>id</key>
                <string>2134</string>
            </dict>
            <dict>
                <key>id</key>
                <string>2135</string>
            </dict>
            <dict>
                <key>id</key>
                <string>2136</string>
            </dict>
            <dict>
                <key>id</key>
                <string>2137</string>
            </dict>
            <dict>
                <key>id</key>
                <string>2138</string>
            </dict>
            <dict>
                <key>id</key>
                <string>2139</string>
            </dict>
            <dict>
                <key>id</key>
                <string>2167</string>
            </dict>
            <dict>
                <key>id</key>
                <string>2168</string>
            </dict>
            <dict>
                <key>id</key>
                <string>2169</string>
            </dict>
            <dict>
                <key>id</key>
                <string>2170</string>
            </dict>
            <dict>
                <key>id</key>
                <string>2171</string>
            </dict>
            <dict>
                <key>id</key>
                <string>2172</string>
            </dict>
            <dict>
                <key>id</key>
                <string>2173</string>
            </dict>
            <dict>
                <key>id</key>
                <string>2174</string>
            </dict>
            <dict>
                <key>id</key>
                <string>2175</string>
            </dict>
            <dict>
                <key>id</key>
                <string>2177</string>
            </dict>
            <dict>
                <key>id</key>
                <string>2178</string>
            </dict>
            <dict>
                <key>id</key>
                <string>2179</string>
            </dict>
            <dict>
                <key>id</key>
                <string>2180</string>
            </dict>
            <dict>
                <key>id</key>
                <string>2181</string>
            </dict>
            <dict>
                <key>id</key>
                <string>2182</string>
            </dict>
            <dict>
                <key>id</key>
                <string>2183</string>
            </dict>
            <dict>
                <key>id</key>
                <string>2184</string>
            </dict>
            <dict>
                <key>id</key>
                <string>2271</string>
            </dict>
            <dict>
                <key>id</key>
                <string>2272</string>
            </dict>
            <dict>
                <key>id</key>
                <string>2273</string>
            </dict>
            <dict>
                <key>id</key>
                <string>2274</string>
            </dict>
            <dict>
                <key>id</key>
                <string>2275</string>
            </dict>
            <dict>
                <key>id</key>
                <string>2276</string>
            </dict>
            <dict>
                <key>id</key>
                <string>2277</string>
            </dict>
            <dict>
                <key>id</key>
                <string>2278</string>
            </dict>
            <dict>
                <key>id</key>
                <string>2279</string>
            </dict>
            <dict>
                <key>id</key>
                <string>2280</string>
            </dict>
            <dict>
                <key>id</key>
                <string>2332</string>
            </dict>
            <dict>
                <key>id</key>
                <string>2480</string>
            </dict>
            <dict>
                <key>id</key>
                <string>2485</string>
            </dict>
            <dict>
                <key>id</key>
                <string>2491</string>
            </dict>
        </array>
    </dict>
</plist>
