<?xml version="1.0" encoding="UTF-8"?>
<!DOCTYPE plist PUBLIC "-//Apple//DTD PLIST 1.0//EN" "http://www.apple.com/DTDs/PropertyList-1.0.dtd"/>

<plist version="1.0">
    <dict>
        <key>ROOT</key>
        <array>
            <dict>
                <key>id</key>
                <string>114</string>
                <key>Image</key>
                <dict>
                    <key>value</key>
                    <string>109</string>
                </dict>
            </dict>
            <dict>
                <key>id</key>
                <string>155</string>
                <key>Image</key>
                <dict>
                    <key>value</key>
                    <string>150</string>
                </dict>
            </dict>
            <dict>
                <key>id</key>
                <string>346</string>
                <key>Image</key>
                <dict>
                    <key>value</key>
                    <string>341</string>
                </dict>
            </dict>
            <dict>
                <key>id</key>
                <string>447</string>
                <key>Image</key>
                <dict>
                    <key>value</key>
                    <string>441</string>
                </dict>
            </dict>
            <dict>
                <key>id</key>
                <string>1571</string>
                <key>Image</key>
                <dict>
                    <key>value</key>
                    <string>1572</string>
                </dict>
            </dict>
            <dict>
                <key>id</key>
                <string>1582</string>
                <key>Image</key>
                <dict>
                    <key>value</key>
                    <string>1580</string>
                </dict>
            </dict>
            <dict>
                <key>id</key>
                <string>1586</string>
                <key>Image</key>
                <dict>
                    <key>value</key>
                    <string>1572</string>
                </dict>
            </dict>
            <dict>
                <key>id</key>
                <string>1595</string>
                <key>Image</key>
                <dict>
                    <key>value</key>
                    <string>1572</string>
                </dict>
            </dict>
            <dict>
                <key>id</key>
                <string>1605</string>
                <key>Image</key>
                <dict>
                    <key>value</key>
                    <string>1603</string>
                </dict>
            </dict>
            <dict>
                <key>id</key>
                <string>1608</string>
                <key>Image</key>
                <dict>
                    <key>value</key>
                    <string>1572</string>
                </dict>
            </dict>
            <dict>
                <key>id</key>
                <string>1611</string>
                <key>Image</key>
                <dict>
                    <key>value</key>
                    <string>1609</string>
                </dict>
            </dict>
            <dict>
                <key>id</key>
                <string>1624</string>
                <key>Image</key>
                <dict>
                    <key>value</key>
                    <string>1572</string>
                </dict>
            </dict>
            <dict>
                <key>id</key>
                <string>1627</string>
                <key>Image</key>
                <dict>
                    <key>value</key>
                    <string>1625</string>
                </dict>
            </dict>
            <dict>
                <key>id</key>
                <string>1657</string>
                <key>Image</key>
                <dict>
                    <key>value</key>
                    <string>1572</string>
                </dict>
            </dict>
            <dict>
                <key>id</key>
                <string>1693</string>
                <key>Image</key>
                <dict>
                    <key>value</key>
                    <string>1688</string>
                </dict>
            </dict>
            <dict>
                <key>id</key>
                <string>1787</string>
                <key>Image</key>
                <dict>
                    <key>value</key>
                    <string>1773</string>
                </dict>
            </dict>
            <dict>
                <key>id</key>
                <string>1820</string>
                <key>Image</key>
                <dict>
                    <key>value</key>
                    <string>1797</string>
                </dict>
            </dict>
            <dict>
                <key>id</key>
                <string>1828</string>
                <key>Image</key>
                <dict>
                    <key>value</key>
                    <string>1823</string>
                </dict>
            </dict>
            <dict>
                <key>id</key>
                <string>1881</string>
                <key>Image</key>
                <dict>
                    <key>value</key>
                    <string>1858</string>
                </dict>
            </dict>
            <dict>
                <key>id</key>
                <string>1907</string>
                <key>Image</key>
                <dict>
                    <key>value</key>
                    <string>1884</string>
                </dict>
            </dict>
            <dict>
                <key>id</key>
                <string>1914</string>
                <key>Image</key>
                <dict>
                    <key>value</key>
                    <string>1823</string>
                </dict>
            </dict>
            <dict>
                <key>id</key>
                <string>1923</string>
                <key>Image</key>
                <dict>
                    <key>value</key>
                    <string>1823</string>
                </dict>
            </dict>
            <dict>
                <key>id</key>
                <string>1932</string>
                <key>Image</key>
                <dict>
                    <key>value</key>
                    <string>1823</string>
                </dict>
            </dict>
            <dict>
                <key>id</key>
                <string>1941</string>
                <key>Image</key>
                <dict>
                    <key>value</key>
                    <string>1823</string>
                </dict>
            </dict>
            <dict>
                <key>id</key>
                <string>1950</string>
                <key>Image</key>
                <dict>
                    <key>value</key>
                    <string>1823</string>
                </dict>
            </dict>
            <dict>
                <key>id</key>
                <string>1959</string>
                <key>Image</key>
                <dict>
                    <key>value</key>
                    <string>1823</string>
                </dict>
            </dict>
            <dict>
                <key>id</key>
                <string>1968</string>
                <key>Image</key>
                <dict>
                    <key>value</key>
                    <string>1823</string>
                </dict>
            </dict>
            <dict>
                <key>id</key>
                <string>1977</string>
                <key>Image</key>
                <dict>
                    <key>value</key>
                    <string>1823</string>
                </dict>
            </dict>
            <dict>
                <key>id</key>
                <string>1996</string>
                <key>Image</key>
                <dict>
                    <key>value</key>
                    <string>1991</string>
                </dict>
            </dict>
            <dict>
                <key>id</key>
                <string>2015</string>
                <key>Image</key>
                <dict>
                    <key>value</key>
                    <string>1823</string>
                </dict>
            </dict>
            <dict>
                <key>id</key>
                <string>2024</string>
                <key>Image</key>
                <dict>
                    <key>value</key>
                    <string>1823</string>
                </dict>
            </dict>
            <dict>
                <key>id</key>
                <string>2033</string>
                <key>Image</key>
                <dict>
                    <key>value</key>
                    <string>1823</string>
                </dict>
            </dict>
            <dict>
                <key>id</key>
                <string>2048</string>
                <key>Image</key>
                <dict>
                    <key>value</key>
                    <string>2043</string>
                </dict>
            </dict>
            <dict>
                <key>id</key>
                <string>2058</string>
                <key>Image</key>
                <dict>
                    <key>value</key>
                    <string>1823</string>
                </dict>
            </dict>
            <dict>
                <key>id</key>
                <string>2096</string>
                <key>Image</key>
                <dict>
                    <key>value</key>
                    <string>1823</string>
                </dict>
            </dict>
            <dict>
                <key>id</key>
                <string>2118</string>
                <key>Image</key>
                <dict>
                    <key>value</key>
                    <string>2113</string>
                </dict>
            </dict>
            <dict>
                <key>id</key>
                <string>2128</string>
                <key>Image</key>
                <dict>
                    <key>value</key>
                    <string>1823</string>
                </dict>
            </dict>
            <dict>
                <key>id</key>
                <string>2143</string>
                <key>Image</key>
                <dict>
                    <key>value</key>
                    <string>2133</string>
                </dict>
            </dict>
            <dict>
                <key>id</key>
                <string>2188</string>
                <key>Image</key>
                <dict>
                    <key>value</key>
                    <string>2166</string>
                </dict>
            </dict>
            <dict>
                <key>id</key>
                <string>2261</string>
                <key>Image</key>
                <dict>
                    <key>value</key>
                    <string>1823</string>
                </dict>
            </dict>
            <dict>
                <key>id</key>
                <string>2292</string>
                <key>Image</key>
                <dict>
                    <key>value</key>
                    <string>2270</string>
                </dict>
            </dict>
            <dict>
                <key>id</key>
                <string>2299</string>
                <key>Image</key>
                <dict>
                    <key>value</key>
                    <string>1823</string>
                </dict>
            </dict>
            <dict>
                <key>id</key>
                <string>2308</string>
                <key>Image</key>
                <dict>
                    <key>value</key>
                    <string>1823</string>
                </dict>
            </dict>
            <dict>
                <key>id</key>
                <string>2317</string>
                <key>Image</key>
                <dict>
                    <key>value</key>
                    <string>1823</string>
                </dict>
            </dict>
            <dict>
                <key>id</key>
                <string>2326</string>
                <key>Image</key>
                <dict>
                    <key>value</key>
                    <string>1823</string>
                </dict>
            </dict>
            <dict>
                <key>id</key>
                <string>2336</string>
                <key>Image</key>
                <dict>
                    <key>value</key>
                    <string>2331</string>
                </dict>
            </dict>
            <dict>
                <key>id</key>
                <string>2348</string>
                <key>Image</key>
                <dict>
                    <key>value</key>
                    <string>1823</string>
                </dict>
            </dict>
            <dict>
                <key>id</key>
                <string>2357</string>
                <key>Image</key>
                <dict>
                    <key>value</key>
                    <string>1823</string>
                </dict>
            </dict>
            <dict>
                <key>id</key>
                <string>2366</string>
                <key>Image</key>
                <dict>
                    <key>value</key>
                    <string>1823</string>
                </dict>
            </dict>
            <dict>
                <key>id</key>
                <string>2375</string>
                <key>Image</key>
                <dict>
                    <key>value</key>
                    <string>1823</string>
                </dict>
            </dict>
            <dict>
                <key>id</key>
                <string>2384</string>
                <key>Image</key>
                <dict>
                    <key>value</key>
                    <string>1823</string>
                </dict>
            </dict>
            <dict>
                <key>id</key>
                <string>2393</string>
                <key>Image</key>
                <dict>
                    <key>value</key>
                    <string>1823</string>
                </dict>
            </dict>
            <dict>
                <key>id</key>
                <string>2430</string>
                <key>Image</key>
                <dict>
                    <key>value</key>
                    <string>1823</string>
                </dict>
            </dict>
            <dict>
                <key>id</key>
                <string>2439</string>
                <key>Image</key>
                <dict>
                    <key>value</key>
                    <string>1823</string>
                </dict>
            </dict>
            <dict>
                <key>id</key>
                <string>2448</string>
                <key>Image</key>
                <dict>
                    <key>value</key>
                    <string>1823</string>
                </dict>
            </dict>
            <dict>
                <key>id</key>
                <string>2458</string>
                <key>Image</key>
                <dict>
                    <key>value</key>
                    <string>1823</string>
                </dict>
            </dict>
            <dict>
                <key>id</key>
                <string>2474</string>
                <key>Image</key>
                <dict>
                    <key>value</key>
                    <string>1823</string>
                </dict>
            </dict>
            <dict>
                <key>id</key>
                <string>2483</string>
                <key>Image</key>
                <dict>
                    <key>value</key>
                    <string>2479</string>
                </dict>
            </dict>
            <dict>
                <key>id</key>
                <string>2488</string>
                <key>Image</key>
                <dict>
                    <key>value</key>
                    <string>2484</string>
                </dict>
            </dict>
            <dict>
                <key>id</key>
                <string>2494</string>
                <key>Image</key>
                <dict>
                    <key>value</key>
                    <string>2490</string>
                </dict>
            </dict>
            <dict>
                <key>id</key>
                <string>2500</string>
                <key>Image</key>
                <dict>
                    <key>value</key>
                    <string>1823</string>
                </dict>
            </dict>
            <dict>
                <key>id</key>
                <string>2509</string>
                <key>Image</key>
                <dict>
                    <key>value</key>
                    <string>1823</string>
                </dict>
            </dict>
            <dict>
                <key>id</key>
                <string>2518</string>
                <key>Image</key>
                <dict>
                    <key>value</key>
                    <string>1823</string>
                </dict>
            </dict>
            <dict>
                <key>id</key>
                <string>2527</string>
                <key>Image</key>
                <dict>
                    <key>value</key>
                    <string>1823</string>
                </dict>
            </dict>
            <dict>
                <key>id</key>
                <string>2536</string>
                <key>Image</key>
                <dict>
                    <key>value</key>
                    <string>1823</string>
                </dict>
            </dict>
            <dict>
                <key>id</key>
                <string>2551</string>
                <key>Image</key>
                <dict>
                    <key>value</key>
                    <string>1823</string>
                </dict>
            </dict>
            <dict>
                <key>id</key>
                <string>2560</string>
                <key>Image</key>
                <dict>
                    <key>value</key>
                    <string>1823</string>
                </dict>
            </dict>
            <dict>
                <key>id</key>
                <string>2569</string>
                <key>Image</key>
                <dict>
                    <key>value</key>
                    <string>1823</string>
                </dict>
            </dict>
        </array>
    </dict>
</plist>
