<?xml version="1.0" encoding="UTF-8"?>
<!DOCTYPE plist PUBLIC "-//Apple//DTD PLIST 1.0//EN" "http://www.apple.com/DTDs/PropertyList-1.0.dtd"/>

<plist version="1.0">
    <dict>
        <key>ROOT</key>
        <array>
            <dict>
                <key>id</key>
                <string>103</string>
                <key>children</key>
                <array>
                    <string>217</string>
                    <string>429</string>
                    <string>515</string>
                    <string>605</string>
                    <string>610</string>
                    <string>641</string>
                </array>
                <key>childLinkers</key>
                <array/>
            </dict>
            <dict>
                <key>id</key>
                <string>1395</string>
                <key>children</key>
                <array>
                    <string>1698</string>
                    <string>1700</string>
                    <string>1702</string>
                    <string>1704</string>
                    <string>1706</string>
                    <string>1708</string>
                    <string>1710</string>
                    <string>1712</string>
                    <string>1714</string>
                    <string>1793</string>
                    <string>2001</string>
                    <string>2040</string>
                    <string>2042</string>
                    <string>2053</string>
                    <string>2089</string>
                </array>
                <key>childLinkers</key>
                <array/>
            </dict>
            <dict>
                <key>id</key>
                <string>1407</string>
                <key>children</key>
                <array>
                    <string>1718</string>
                    <string>1720</string>
                    <string>1722</string>
                    <string>1724</string>
                    <string>1726</string>
                    <string>1728</string>
                    <string>1730</string>
                    <string>1732</string>
                    <string>1734</string>
                    <string>2107</string>
                    <string>2111</string>
                    <string>2123</string>
                </array>
                <key>childLinkers</key>
                <array/>
            </dict>
            <dict>
                <key>id</key>
                <string>1639</string>
                <key>children</key>
                <array>
                    <string>1644</string>
                </array>
                <key>childLinkers</key>
                <array/>
            </dict>
            <dict>
                <key>id</key>
                <string>1735</string>
                <key>children</key>
                <array>
                    <string>1737</string>
                    <string>1739</string>
                    <string>1741</string>
                    <string>1743</string>
                    <string>1745</string>
                    <string>1747</string>
                    <string>1749</string>
                    <string>1751</string>
                    <string>1753</string>
                    <string>2148</string>
                    <string>2150</string>
                    <string>2152</string>
                    <string>2154</string>
                    <string>2156</string>
                    <string>2158</string>
                    <string>2160</string>
                    <string>2162</string>
                </array>
                <key>childLinkers</key>
                <array/>
            </dict>
            <dict>
                <key>id</key>
                <string>1646</string>
                <key>children</key>
                <array/>
                <key>childLinkers</key>
                <array/>
            </dict>
            <dict>
                <key>id</key>
                <string>1754</string>
                <key>children</key>
                <array>
                    <string>1756</string>
                    <string>1758</string>
                    <string>1760</string>
                    <string>1768</string>
                    <string>1770</string>
                    <string>1772</string>
                    <string>2193</string>
                    <string>2234</string>
                    <string>2236</string>
                    <string>2243</string>
                    <string>2247</string>
                    <string>2249</string>
                    <string>2253</string>
                </array>
                <key>childLinkers</key>
                <array>
                    <string>2254</string>
                    <string>2255</string>
                    <string>2256</string>
                </array>
            </dict>
            <dict>
                <key>id</key>
                <string>1249</string>
                <key>children</key>
                <array>
                    <string>1251</string>
                </array>
                <key>childLinkers</key>
                <array/>
            </dict>
            <dict>
                <key>id</key>
                <string>2194</string>
                <key>children</key>
                <array>
                    <string>2198</string>
                    <string>2206</string>
                    <string>2208</string>
                    <string>2210</string>
                    <string>2212</string>
                    <string>2214</string>
                    <string>2216</string>
                    <string>2218</string>
                    <string>2220</string>
                    <string>2341</string>
                </array>
                <key>childLinkers</key>
                <array/>
            </dict>
            <dict>
                <key>id</key>
                <string>2400</string>
                <key>children</key>
                <array>
                    <string>2402</string>
                    <string>2404</string>
                    <string>2406</string>
                    <string>2408</string>
                    <string>2410</string>
                    <string>2412</string>
                    <string>2414</string>
                    <string>2416</string>
                    <string>2418</string>
                    <string>2421</string>
                    <string>2424</string>
                    <string>2465</string>
                    <string>2467</string>
                    <string>2469</string>
                    <string>2545</string>
                </array>
                <key>childLinkers</key>
                <array/>
            </dict>
            <dict>
                <key>id</key>
                <string>104</string>
                <key>children</key>
                <array>
                    <string>394</string>
                    <string>426</string>
                    <string>463</string>
                    <string>475</string>
                    <string>484</string>
                    <string>499</string>
                    <string>582</string>
                    <string>594</string>
                    <string>596</string>
                    <string>755</string>
                    <string>935</string>
                    <string>951</string>
                </array>
                <key>childLinkers</key>
                <array/>
            </dict>
            <dict>
                <key>id</key>
                <string>938</string>
                <key>children</key>
                <array>
                    <string>1113</string>
                </array>
                <key>childLinkers</key>
                <array/>
            </dict>
            <dict>
                <key>id</key>
                <string>939</string>
                <key>children</key>
                <array>
                    <string>1017</string>
                    <string>1035</string>
                    <string>1047</string>
                    <string>1133</string>
                    <string>1154</string>
                </array>
                <key>childLinkers</key>
                <array/>
            </dict>
        </array>
    </dict>
</plist>
