<?xml version="1.0" encoding="UTF-8"?>
<!DOCTYPE plist PUBLIC "-//Apple//DTD PLIST 1.0//EN" "http://www.apple.com/DTDs/PropertyList-1.0.dtd"/>

<plist version="1.0">
    <dict>
        <key>ROOT</key>
        <array>
            <dict>
                <key>id</key>
                <string>105</string>
                <key>className</key>
                <string>PTModelSpriteContainer</string>
                <key>Name</key>
                <dict>
                    <key>value</key>
                    <string>Background</string>
                </dict>
                <key>duration</key>
                <string>0.033333</string>
                <key>animationSpeed</key>
                <string>1.000000</string>
            </dict>
            <dict>
                <key>id</key>
                <string>109</string>
                <key>className</key>
                <string>PTModelSpriteContainer</string>
                <key>Name</key>
                <dict>
                    <key>value</key>
                    <string>Character</string>
                </dict>
                <key>duration</key>
                <string>0.033333</string>
                <key>animationSpeed</key>
                <string>1.000000</string>
            </dict>
            <dict>
                <key>id</key>
                <string>120</string>
                <key>className</key>
                <string>PTModelSpriteContainer</string>
                <key>Name</key>
                <dict>
                    <key>value</key>
                    <string>DarkClouds</string>
                </dict>
                <key>duration</key>
                <string>0.033333</string>
                <key>animationSpeed</key>
                <string>1.000000</string>
            </dict>
            <dict>
                <key>id</key>
                <string>150</string>
                <key>className</key>
                <string>PTModelSpriteContainer</string>
                <key>Name</key>
                <dict>
                    <key>value</key>
                    <string>Character</string>
                </dict>
                <key>duration</key>
                <string>0.033333</string>
                <key>animationSpeed</key>
                <string>1.000000</string>
            </dict>
            <dict>
                <key>id</key>
                <string>341</string>
                <key>className</key>
                <string>PTModelSpriteContainer</string>
                <key>Name</key>
                <dict>
                    <key>value</key>
                    <string>Enemy</string>
                </dict>
                <key>duration</key>
                <string>0.033333</string>
                <key>animationSpeed</key>
                <string>1.000000</string>
            </dict>
            <dict>
                <key>id</key>
                <string>441</string>
                <key>className</key>
                <string>PTModelSpriteContainer</string>
                <key>Name</key>
                <dict>
                    <key>value</key>
                    <string>Platform</string>
                </dict>
                <key>duration</key>
                <string>0.033333</string>
                <key>animationSpeed</key>
                <string>1.000000</string>
            </dict>
            <dict>
                <key>id</key>
                <string>991</string>
                <key>className</key>
                <string>PTModelSpriteContainer</string>
                <key>Name</key>
                <dict>
                    <key>value</key>
                    <string>Particle</string>
                </dict>
                <key>duration</key>
                <string>0.033333</string>
                <key>animationSpeed</key>
                <string>1.000000</string>
            </dict>
            <dict>
                <key>id</key>
                <string>1042</string>
                <key>className</key>
                <string>PTModelSpriteContainer</string>
                <key>Name</key>
                <dict>
                    <key>value</key>
                    <string>icon_add_locator@2x</string>
                </dict>
                <key>duration</key>
                <string>0.033333</string>
                <key>animationSpeed</key>
                <string>1.000000</string>
            </dict>
            <dict>
                <key>id</key>
                <string>1050</string>
                <key>className</key>
                <string>PTModelSpriteContainer</string>
                <key>Name</key>
                <dict>
                    <key>value</key>
                    <string>Particle</string>
                </dict>
                <key>duration</key>
                <string>0.033333</string>
                <key>animationSpeed</key>
                <string>1.000000</string>
            </dict>
            <dict>
                <key>id</key>
                <string>1186</string>
                <key>className</key>
                <string>PTModelSpriteContainer</string>
                <key>Name</key>
                <dict>
                    <key>value</key>
                    <string>Coins</string>
                </dict>
                <key>duration</key>
                <string>0.033333</string>
                <key>animationSpeed</key>
                <string>1.000000</string>
            </dict>
            <dict>
                <key>id</key>
                <string>1483</string>
                <key>className</key>
                <string>PTModelSpriteContainer</string>
                <key>Name</key>
                <dict>
                    <key>value</key>
                    <string>Right</string>
                </dict>
                <key>duration</key>
                <string>0.033333</string>
                <key>animationSpeed</key>
                <string>1.000000</string>
            </dict>
            <dict>
                <key>id</key>
                <string>1489</string>
                <key>className</key>
                <string>PTModelSpriteContainer</string>
                <key>Name</key>
                <dict>
                    <key>value</key>
                    <string>Left</string>
                </dict>
                <key>duration</key>
                <string>0.033333</string>
                <key>animationSpeed</key>
                <string>1.000000</string>
            </dict>
            <dict>
                <key>id</key>
                <string>1501</string>
                <key>className</key>
                <string>PTModelSpriteContainer</string>
                <key>Name</key>
                <dict>
                    <key>value</key>
                    <string>Up</string>
                </dict>
                <key>duration</key>
                <string>0.033333</string>
                <key>animationSpeed</key>
                <string>1.000000</string>
            </dict>
            <dict>
                <key>id</key>
                <string>1566</string>
                <key>className</key>
                <string>PTModelSpriteContainer</string>
                <key>Name</key>
                <dict>
                    <key>value</key>
                    <string>Pause</string>
                </dict>
                <key>duration</key>
                <string>0.033333</string>
                <key>animationSpeed</key>
                <string>1.000000</string>
            </dict>
            <dict>
                <key>id</key>
                <string>1572</string>
                <key>className</key>
                <string>PTModelSpriteContainer</string>
                <key>Name</key>
                <dict>
                    <key>value</key>
                    <string>UI Background</string>
                </dict>
                <key>duration</key>
                <string>0.033333</string>
                <key>animationSpeed</key>
                <string>1.000000</string>
            </dict>
            <dict>
                <key>id</key>
                <string>1575</string>
                <key>className</key>
                <string>PTModelSpriteContainer</string>
                <key>Name</key>
                <dict>
                    <key>value</key>
                    <string>Start Button</string>
                </dict>
                <key>duration</key>
                <string>0.033333</string>
                <key>animationSpeed</key>
                <string>1.000000</string>
            </dict>
            <dict>
                <key>id</key>
                <string>1580</string>
                <key>className</key>
                <string>PTModelSpriteContainer</string>
                <key>Name</key>
                <dict>
                    <key>value</key>
                    <string>Game Logo</string>
                </dict>
                <key>duration</key>
                <string>0.033333</string>
                <key>animationSpeed</key>
                <string>1.000000</string>
            </dict>
            <dict>
                <key>id</key>
                <string>1588</string>
                <key>className</key>
                <string>PTModelSpriteContainer</string>
                <key>Name</key>
                <dict>
                    <key>value</key>
                    <string>Back Button</string>
                </dict>
                <key>duration</key>
                <string>0.033333</string>
                <key>animationSpeed</key>
                <string>1.000000</string>
            </dict>
            <dict>
                <key>id</key>
                <string>1590</string>
                <key>className</key>
                <string>PTModelSpriteContainer</string>
                <key>Name</key>
                <dict>
                    <key>value</key>
                    <string>Info Button</string>
                </dict>
                <key>duration</key>
                <string>0.033333</string>
                <key>animationSpeed</key>
                <string>1.000000</string>
            </dict>
            <dict>
                <key>id</key>
                <string>1597</string>
                <key>className</key>
                <string>PTModelSpriteContainer</string>
                <key>Name</key>
                <dict>
                    <key>value</key>
                    <string>Coin Shop Button</string>
                </dict>
                <key>duration</key>
                <string>0.033333</string>
                <key>animationSpeed</key>
                <string>1.000000</string>
            </dict>
            <dict>
                <key>id</key>
                <string>1603</string>
                <key>className</key>
                <string>PTModelSpriteContainer</string>
                <key>Name</key>
                <dict>
                    <key>value</key>
                    <string>World Select Logo</string>
                </dict>
                <key>duration</key>
                <string>0.033333</string>
                <key>animationSpeed</key>
                <string>1.000000</string>
            </dict>
            <dict>
                <key>id</key>
                <string>1609</string>
                <key>className</key>
                <string>PTModelSpriteContainer</string>
                <key>Name</key>
                <dict>
                    <key>value</key>
                    <string>Pause Logo</string>
                </dict>
                <key>duration</key>
                <string>0.033333</string>
                <key>animationSpeed</key>
                <string>1.000000</string>
            </dict>
            <dict>
                <key>id</key>
                <string>1612</string>
                <key>className</key>
                <string>PTModelSpriteContainer</string>
                <key>Name</key>
                <dict>
                    <key>value</key>
                    <string>Continue Button</string>
                </dict>
                <key>duration</key>
                <string>0.033333</string>
                <key>animationSpeed</key>
                <string>1.000000</string>
            </dict>
            <dict>
                <key>id</key>
                <string>1615</string>
                <key>className</key>
                <string>PTModelSpriteContainer</string>
                <key>Name</key>
                <dict>
                    <key>value</key>
                    <string>World Select Button</string>
                </dict>
                <key>duration</key>
                <string>0.033333</string>
                <key>animationSpeed</key>
                <string>1.000000</string>
            </dict>
            <dict>
                <key>id</key>
                <string>1618</string>
                <key>className</key>
                <string>PTModelSpriteContainer</string>
                <key>Name</key>
                <dict>
                    <key>value</key>
                    <string>Main Menu Button</string>
                </dict>
                <key>duration</key>
                <string>0.033333</string>
                <key>animationSpeed</key>
                <string>1.000000</string>
            </dict>
            <dict>
                <key>id</key>
                <string>1625</string>
                <key>className</key>
                <string>PTModelSpriteContainer</string>
                <key>Name</key>
                <dict>
                    <key>value</key>
                    <string>Game Over Logo</string>
                </dict>
                <key>duration</key>
                <string>0.033333</string>
                <key>animationSpeed</key>
                <string>1.000000</string>
            </dict>
            <dict>
                <key>id</key>
                <string>1628</string>
                <key>className</key>
                <string>PTModelSpriteContainer</string>
                <key>Name</key>
                <dict>
                    <key>value</key>
                    <string>Restart Button</string>
                </dict>
                <key>duration</key>
                <string>0.033333</string>
                <key>animationSpeed</key>
                <string>1.000000</string>
            </dict>
            <dict>
                <key>id</key>
                <string>1659</string>
                <key>className</key>
                <string>PTModelSpriteContainer</string>
                <key>Name</key>
                <dict>
                    <key>value</key>
                    <string>World 1 Button</string>
                </dict>
                <key>duration</key>
                <string>0.033333</string>
                <key>animationSpeed</key>
                <string>1.000000</string>
            </dict>
            <dict>
                <key>id</key>
                <string>1662</string>
                <key>className</key>
                <string>PTModelSpriteContainer</string>
                <key>Name</key>
                <dict>
                    <key>value</key>
                    <string>World 2 Button</string>
                </dict>
                <key>duration</key>
                <string>0.033333</string>
                <key>animationSpeed</key>
                <string>1.000000</string>
            </dict>
            <dict>
                <key>id</key>
                <string>1684</string>
                <key>className</key>
                <string>PTModelSpriteContainer</string>
                <key>Name</key>
                <dict>
                    <key>value</key>
                    <string>BG</string>
                </dict>
                <key>duration</key>
                <string>0.033333</string>
                <key>animationSpeed</key>
                <string>1.000000</string>
            </dict>
            <dict>
                <key>id</key>
                <string>1688</string>
                <key>className</key>
                <string>PTModelSpriteContainer</string>
                <key>Name</key>
                <dict>
                    <key>value</key>
                    <string>Tile (2)</string>
                </dict>
                <key>duration</key>
                <string>0.033333</string>
                <key>animationSpeed</key>
                <string>1.000000</string>
            </dict>
            <dict>
                <key>id</key>
                <string>1773</string>
                <key>className</key>
                <string>PTModelSpriteContainer</string>
                <key>Name</key>
                <dict>
                    <key>value</key>
                    <string>Idle__009</string>
                </dict>
                <key>duration</key>
                <string>0.333333</string>
                <key>animationSpeed</key>
                <string>1.000000</string>
            </dict>
            <dict>
                <key>id</key>
                <string>1797</string>
                <key>className</key>
                <string>PTModelSpriteContainer</string>
                <key>Name</key>
                <dict>
                    <key>value</key>
                    <string>Throw__009</string>
                </dict>
                <key>duration</key>
                <string>0.333333</string>
                <key>animationSpeed</key>
                <string>1.000000</string>
            </dict>
            <dict>
                <key>id</key>
                <string>1823</string>
                <key>className</key>
                <string>PTModelSpriteContainer</string>
                <key>Name</key>
                <dict>
                    <key>value</key>
                    <string>Kunai</string>
                </dict>
                <key>duration</key>
                <string>0.033333</string>
                <key>animationSpeed</key>
                <string>1.000000</string>
            </dict>
            <dict>
                <key>id</key>
                <string>1858</string>
                <key>className</key>
                <string>PTModelSpriteContainer</string>
                <key>Name</key>
                <dict>
                    <key>value</key>
                    <string>Run__009</string>
                </dict>
                <key>duration</key>
                <string>0.333333</string>
                <key>animationSpeed</key>
                <string>1.000000</string>
            </dict>
            <dict>
                <key>id</key>
                <string>1884</string>
                <key>className</key>
                <string>PTModelSpriteContainer</string>
                <key>Name</key>
                <dict>
                    <key>value</key>
                    <string>Dead__009</string>
                </dict>
                <key>duration</key>
                <string>0.333333</string>
                <key>animationSpeed</key>
                <string>1.000000</string>
            </dict>
            <dict>
                <key>id</key>
                <string>1991</string>
                <key>className</key>
                <string>PTModelSpriteContainer</string>
                <key>Name</key>
                <dict>
                    <key>value</key>
                    <string>Idle (1)</string>
                </dict>
                <key>duration</key>
                <string>0.033333</string>
                <key>animationSpeed</key>
                <string>1.000000</string>
            </dict>
            <dict>
                <key>id</key>
                <string>2043</string>
                <key>className</key>
                <string>PTModelSpriteContainer</string>
                <key>Name</key>
                <dict>
                    <key>value</key>
                    <string>Wheel (1)</string>
                </dict>
                <key>duration</key>
                <string>0.033333</string>
                <key>animationSpeed</key>
                <string>1.000000</string>
            </dict>
            <dict>
                <key>id</key>
                <string>2084</string>
                <key>className</key>
                <string>PTModelSpriteContainer</string>
                <key>Name</key>
                <dict>
                    <key>value</key>
                    <string>Emitter</string>
                </dict>
                <key>duration</key>
                <string>0.033333</string>
                <key>animationSpeed</key>
                <string>1.000000</string>
            </dict>
            <dict>
                <key>id</key>
                <string>2113</string>
                <key>className</key>
                <string>PTModelSpriteContainer</string>
                <key>Name</key>
                <dict>
                    <key>value</key>
                    <string>brick-1</string>
                </dict>
                <key>duration</key>
                <string>0.033333</string>
                <key>animationSpeed</key>
                <string>1.000000</string>
            </dict>
            <dict>
                <key>id</key>
                <string>2133</string>
                <key>className</key>
                <string>PTModelSpriteContainer</string>
                <key>Name</key>
                <dict>
                    <key>value</key>
                    <string>coin6</string>
                </dict>
                <key>duration</key>
                <string>0.200000</string>
                <key>animationSpeed</key>
                <string>1.000000</string>
            </dict>
            <dict>
                <key>id</key>
                <string>2166</string>
                <key>className</key>
                <string>PTModelSpriteContainer</string>
                <key>Name</key>
                <dict>
                    <key>value</key>
                    <string>image 17</string>
                </dict>
                <key>duration</key>
                <string>0.566667</string>
                <key>animationSpeed</key>
                <string>1.000000</string>
            </dict>
            <dict>
                <key>id</key>
                <string>2270</string>
                <key>className</key>
                <string>PTModelSpriteContainer</string>
                <key>Name</key>
                <dict>
                    <key>value</key>
                    <string>Jump__009</string>
                </dict>
                <key>duration</key>
                <string>0.333333</string>
                <key>animationSpeed</key>
                <string>1.000000</string>
            </dict>
            <dict>
                <key>id</key>
                <string>2331</string>
                <key>className</key>
                <string>PTModelSpriteContainer</string>
                <key>Name</key>
                <dict>
                    <key>value</key>
                    <string>Crate</string>
                </dict>
                <key>duration</key>
                <string>0.033333</string>
                <key>animationSpeed</key>
                <string>1.000000</string>
            </dict>
            <dict>
                <key>id</key>
                <string>2479</string>
                <key>className</key>
                <string>PTModelSpriteContainer</string>
                <key>Name</key>
                <dict>
                    <key>value</key>
                    <string>download1</string>
                </dict>
                <key>duration</key>
                <string>0.033333</string>
                <key>animationSpeed</key>
                <string>1.000000</string>
            </dict>
            <dict>
                <key>id</key>
                <string>2484</string>
                <key>className</key>
                <string>PTModelSpriteContainer</string>
                <key>Name</key>
                <dict>
                    <key>value</key>
                    <string>images</string>
                </dict>
                <key>duration</key>
                <string>0.033333</string>
                <key>animationSpeed</key>
                <string>1.000000</string>
            </dict>
            <dict>
                <key>id</key>
                <string>2490</string>
                <key>className</key>
                <string>PTModelSpriteContainer</string>
                <key>Name</key>
                <dict>
                    <key>value</key>
                    <string>11images (1)</string>
                </dict>
                <key>duration</key>
                <string>0.033333</string>
                <key>animationSpeed</key>
                <string>1.000000</string>
            </dict>
        </array>
    </dict>
</plist>
