<?xml version="1.0" encoding="UTF-8"?>
<!DOCTYPE plist PUBLIC "-//Apple//DTD PLIST 1.0//EN" "http://www.apple.com/DTDs/PropertyList-1.0.dtd"/>

<plist version="1.0">
    <dict>
        <key>ROOT</key>
        <array>
            <dict>
                <key>id</key>
                <string>1637</string>
                <key>Image</key>
                <dict>
                    <key>value</key>
                    <string>105</string>
                </dict>
            </dict>
            <dict>
                <key>id</key>
                <string>1638</string>
                <key>Image</key>
                <dict>
                    <key>value</key>
                    <string>120</string>
                </dict>
            </dict>
            <dict>
                <key>id</key>
                <string>1687</string>
                <key>Image</key>
                <dict>
                    <key>value</key>
                    <string>1684</string>
                </dict>
            </dict>
        </array>
    </dict>
</plist>
