<?xml version="1.0" encoding="UTF-8"?>
<!DOCTYPE plist PUBLIC "-//Apple//DTD PLIST 1.0//EN" "http://www.apple.com/DTDs/PropertyList-1.0.dtd"/>

<plist version="1.0">
    <dict>
        <key>ROOT</key>
        <array>
            <dict>
                <key>id</key>
                <string>99</string>
                <key>Pause</key>
                <dict>
                    <key>connectedModelId</key>
                    <string>1606</string>
                    <key>attributeName</key>
                    <string>Load</string>
                    <key>isAction</key>
                    <string>true</string>
                </dict>
                <key>Game Over</key>
                <dict>
                    <key>connectedModelId</key>
                    <string>1621</string>
                    <key>attributeName</key>
                    <string>Load</string>
                    <key>isAction</key>
                    <string>true</string>
                </dict>
                <key>modelId</key>
                <string>100</string>
                <key>attributesCount</key>
                <string>5</string>
            </dict>
            <dict>
                <key>id</key>
                <string>1569</string>
                <key>modelId</key>
                <string>1570</string>
                <key>attributesCount</key>
                <string>4</string>
            </dict>
            <dict>
                <key>id</key>
                <string>1577</string>
                <key>Start</key>
                <dict>
                    <key>connectedModelId</key>
                    <string>1600</string>
                    <key>attributeName</key>
                    <string>Load</string>
                    <key>isAction</key>
                    <string>true</string>
                </dict>
                <key>Info Screen</key>
                <dict>
                    <key>connectedModelId</key>
                    <string>1584</string>
                    <key>attributeName</key>
                    <string>Load</string>
                    <key>isAction</key>
                    <string>true</string>
                </dict>
                <key>Coin Shop</key>
                <dict>
                    <key>connectedModelId</key>
                    <string>1593</string>
                    <key>attributeName</key>
                    <string>Load</string>
                    <key>isAction</key>
                    <string>true</string>
                </dict>
                <key>modelId</key>
                <string>1578</string>
                <key>attributesCount</key>
                <string>6</string>
            </dict>
            <dict>
                <key>id</key>
                <string>1584</string>
                <key>modelId</key>
                <string>1585</string>
                <key>attributesCount</key>
                <string>3</string>
            </dict>
            <dict>
                <key>id</key>
                <string>1593</string>
                <key>modelId</key>
                <string>1594</string>
                <key>attributesCount</key>
                <string>3</string>
            </dict>
            <dict>
                <key>id</key>
                <string>1600</string>
                <key>World 1</key>
                <dict>
                    <key>connectedModelId</key>
                    <string>1393</string>
                    <key>attributeName</key>
                    <string>Load</string>
                    <key>isAction</key>
                    <string>true</string>
                </dict>
                <key>World 2</key>
                <dict>
                    <key>connectedModelId</key>
                    <string>1635</string>
                    <key>attributeName</key>
                    <string>Load</string>
                    <key>isAction</key>
                    <string>true</string>
                </dict>
                <key>modelId</key>
                <string>1601</string>
                <key>attributesCount</key>
                <string>5</string>
            </dict>
            <dict>
                <key>id</key>
                <string>1606</string>
                <key>modelId</key>
                <string>1607</string>
                <key>attributesCount</key>
                <string>3</string>
            </dict>
            <dict>
                <key>id</key>
                <string>1621</string>
                <key>modelId</key>
                <string>1622</string>
                <key>attributesCount</key>
                <string>3</string>
            </dict>
            <dict>
                <key>id</key>
                <string>1655</string>
                <key>modelId</key>
                <string>1656</string>
                <key>attributesCount</key>
                <string>4</string>
            </dict>
        </array>
    </dict>
</plist>
